name,folder,type,size_kb,pages,text_chars,readable
C025-V-HA24-P-_E-001-01.DGN,P&ID,dgn,111.5,,,
C025-V-HA24-P-_E-001-01.PDF,P&ID,pdf,104.3,1.0,2374.0,True
C025-V-HB20-P-_E-001-01.PDF,P&ID,pdf,135.5,1.0,2417.0,True
C025-V-HO27-P-_E-001-01.DGN,P&ID,dgn,162.5,,,
C025-V-HO27-P-_E-001-01.PDF,P&ID,pdf,244.7,1.0,6158.0,True
C025-V-HO27-P-_E-002-01.DGN,P&ID,dgn,165.5,,,
C025-V-HO27-P-_E-002-01.PDF,P&ID,pdf,236.5,1.0,5457.0,True
C025-V-HO27-P-_E-003-01.DGN,P&ID,dgn,195.0,,,
C025-V-HO27-P-_E-003-01.PDF,P&ID,pdf,379.4,1.0,4100.0,True
C025-V-HO45-P-_F-001-01.DGN,P&ID,dgn,123.0,,,
C025-V-HO45-P-_F-001-01.PDF,P&ID,pdf,169.8,1.0,4350.0,True
C025-V-HO63-P-_U-001-01.DGN,P&ID,dgn,71.5,,,
C025-V-HO63-P-_U-001-01.PDF,P&ID,pdf,131.0,1.0,1738.0,True
C025-V-HO64-P-_U-001-01.DGN,P&ID,dgn,67.0,,,
C025-V-HO64-P-_U-001-01.PDF,P&ID,pdf,106.0,1.0,1749.0,True
C025-V-HO71-P-_W-001-01.DGN,P&ID,dgn,64.0,,,
C025-V-HO71-P-_W-001-01.PDF,P&ID,pdf,100.7,1.0,1000.0,True
C025-W-HO11-P-_E-001-01.DGN,P&ID,dgn,102.5,,,
C025-W-HO11-P-_E-001-01.PDF,P&ID,pdf,40.9,1.0,1833.0,True
C025-W-HO13-P-_E-004-01.DGN,P&ID,dgn,198.0,,,
C025-W-HO13-P-_E-004-01.PDF,P&ID,pdf,295.0,1.0,7433.0,True
C025-W-HO13-P-_E-014-01.DGN,P&ID,dgn,138.5,,,
C025-W-HO13-P-_E-014-01.PDF,P&ID,pdf,41.5,1.0,5523.0,True
C025-W-HO20-P-_E-001-01.DGN,P&ID,dgn,104.5,,,
C025-W-HO20-P-_E-001-01.PDF,P&ID,pdf,139.6,1.0,4144.0,True
C025-W-HO20-P-_E-002-01.DGN,P&ID,dgn,232.5,,,
C025-W-HO20-P-_E-002-01.PDF,P&ID,pdf,312.9,1.0,7541.0,True
C025-W-HO50-P-_F-001-01.DGN,P&ID,dgn,120.5,,,
C025-W-HO63-P-_U-005-01.DGN,P&ID,dgn,113.5,,,
C025-W-HO63-P-_U-005-01.PDF,P&ID,pdf,228.6,1.0,1521.0,True
C025-W-HO64-P-_U-001-01.DGN,P&ID,dgn,139.5,,,
C025-W-HO64-P-_U-001-01.PDF,P&ID,pdf,333.2,1.0,2365.0,True
C025-W-HO64-P-_U-002-01.DGN,P&ID,dgn,180.5,,,
C025-W-HO65-P-_U-002-01.PDF,P&ID,pdf,235.5,1.0,1457.0,True
C025-W-HO71-P-_W-001-01.DGN,P&ID,dgn,150.0,,,
C025-W-HO71-P-_W-001-01.PDF,P&ID,pdf,328.8,1.0,1949.0,True
C025-W-HO82-P-_U-001-01.DGN,P&ID,dgn,141.0,,,
C025-W-HO82-P-_U-001-01.PDF,P&ID,pdf,207.1,1.0,4154.0,True
C025-W-HO82-P-_U-004-01.DGN,P&ID,dgn,274.0,,,
C025-W-HO82-P-_U-004-01.PDF,P&ID,pdf,110.6,1.0,2861.0,True
C025-V-HO00-J-_E-021-02.DGN,SCD,dgn,294.0,,,
C025-V-HO00-J-_E-021-02.PDF,SCD,pdf,218.2,1.0,3.0,True
C025-V-HO00-J-_E-025-01.DGN,SCD,dgn,383.5,,,
C025-V-HO00-J-_E-025-01.PDF,SCD,pdf,94.0,1.0,0.0,True
C025-V-HO00-J-_E-101-01.DGN,SCD,dgn,457.5,,,
C025-V-HO00-J-_E-101-01.PDF,SCD,pdf,105.1,1.0,0.0,True
C025-V-HO20-J-_E-001-02.DGN,SCD,dgn,457.5,,,
C025-V-HO20-J-_E-001-02.PDF,SCD,pdf,182.1,1.0,12.0,True
C025-V-HO27-J-_E-101-01.DGN,SCD,dgn,247.5,,,
C025-V-HO27-J-_E-101-01.PDF,SCD,pdf,179.5,1.0,4870.0,True
C025-V-HO27-J-_E-102-01.DGN,SCD,dgn,177.0,,,
C025-V-HO27-J-_E-102-01.PDF,SCD,pdf,118.4,1.0,3188.0,True
C025-V-HO27-J-_E-103-01.DGN,SCD,dgn,570.5,,,
C025-V-HO27-J-_E-103-01.PDF,SCD,pdf,200.3,1.0,20.0,True
C025-V-HO45-J-_E-101-01.DGN,SCD,dgn,271.5,,,
C025-V-HO45-J-_E-101-01.PDF,SCD,pdf,180.7,1.0,5100.0,True
C025-V-HO45-J-_E-102-01.DGN,SCD,dgn,254.5,,,
C025-V-HO45-J-_E-102-01.PDF,SCD,pdf,265.1,1.0,4565.0,True
C025-V-HO45-J-_E-103-01.PDF,SCD,pdf,87.0,13.0,17715.0,True
C025-V-HO53-J-_E-101-01.DGN,SCD,dgn,509.0,,,
C025-V-HO53-J-_E-101-01.PDF,SCD,pdf,174.3,1.0,76.0,True
C025-V-HO53-J-_E-102-01.DGN,SCD,dgn,603.0,,,
C025-V-HO53-J-_E-102-01.PDF,SCD,pdf,211.4,1.0,0.0,True
C025-V-HO53-J-_E-102-02.DGN,SCD,dgn,682.0,,,
C025-V-HO53-J-_E-102-02.PDF,SCD,pdf,132.3,1.0,0.0,True
C025-V-HO53-J-_E-102-03.DGN,SCD,dgn,641.0,,,
C025-V-HO53-J-_E-102-03.PDF,SCD,pdf,126.0,1.0,0.0,True
C025-V-HO53-J-_E-102-04.DGN,SCD,dgn,735.0,,,
C025-V-HO53-J-_E-102-04.PDF,SCD,pdf,174.0,1.0,0.0,True
C025-V-HO53-J-_E-102-05.DGN,SCD,dgn,622.0,,,
C025-V-HO53-J-_E-102-05.PDF,SCD,pdf,127.7,1.0,0.0,True
C025-V-HO63-J-_E-101-01.DGN,SCD,dgn,272.5,,,
C025-V-HO63-J-_E-101-01.PDF,SCD,pdf,132.5,1.0,3.0,True
C025-V-HO64-J-_E-101-01.DGN,SCD,dgn,634.5,,,
C025-V-HO64-J-_E-101-01.PDF,SCD,pdf,246.2,1.0,85.0,True
C025-V-HO64-J-_E-102-01.DGN,SCD,dgn,540.0,,,
C025-V-HO64-J-_E-102-01.PDF,SCD,pdf,195.9,1.0,45.0,True
C025-V-HO64-J-_E-103-01.DGN,SCD,dgn,364.5,,,
C025-V-HO64-J-_E-103-01.PDF,SCD,pdf,96.8,1.0,0.0,True
C025-V-HO64-J-_E-103-02.DGN,SCD,dgn,358.5,,,
C025-V-HO64-J-_E-103-02.PDF,SCD,pdf,88.1,1.0,0.0,True
C025-V-HO64-J-_E-103-03.DGN,SCD,dgn,355.0,,,
C025-V-HO64-J-_E-103-03.PDF,SCD,pdf,82.9,1.0,0.0,True
C025-V-HO64-J-_E-103-04.DGN,SCD,dgn,353.0,,,
C025-V-HO64-J-_E-103-04.PDF,SCD,pdf,78.8,1.0,0.0,True
C025-V-HO64-J-_E-103-05.DGN,SCD,dgn,366.5,,,
C025-V-HO64-J-_E-103-05.PDF,SCD,pdf,96.8,1.0,0.0,True
C025-V-HO71-J-_E-101-01.DGN,SCD,dgn,477.5,,,
C025-V-HO71-J-_E-101-01.PDF,SCD,pdf,119.1,1.0,0.0,True
C025-V-HO71-J-_E-102-01.DGN,SCD,dgn,406.5,,,
C025-V-HO71-J-_E-102-01.PDF,SCD,pdf,80.8,1.0,0.0,True
C025-V-HO72-J-_E-101-01.DGN,SCD,dgn,603.5,,,
C025-V-HO72-J-_E-101-01.PDF,SCD,pdf,180.8,1.0,0.0,True
C025-V-HO77-J-_E-101-01.DGN,SCD,dgn,513.5,,,
C025-V-HO77-J-_E-101-01.PDF,SCD,pdf,181.5,1.0,3.0,True
C025-V-HO77-J-_E-102-01.PDF,SCD,pdf,47.0,3.0,4180.0,True
C025-V-HO77-J-_E-103-01.DGN,SCD,dgn,645.0,,,
C025-V-HO77-J-_E-103-01.PDF,SCD,pdf,224.3,1.0,3.0,True
C025-V-HO77-J-_E-104-01.PDF,SCD,pdf,105.9,4.0,6467.0,True
C025-V-HO77-J-_E-105-01.DGN,SCD,dgn,143.5,,,
C025-V-HO77-J-_E-105-01.PDF,SCD,pdf,161.9,1.0,3235.0,True
C025-V-HO77-J-_E-106-01.PDF,SCD,pdf,57.2,1.0,779.0,True
C025-V-HO82-J-_E-006-02.DGN,SCD,dgn,548.5,,,
C025-V-HO82-J-_E-006-02.PDF,SCD,pdf,165.0,1.0,9.0,True
C025-V-HO82-J-_E-101-01.DGN,SCD,dgn,427.5,,,
C025-V-HO82-J-_E-101-01.PDF,SCD,pdf,197.4,1.0,0.0,True
C025-V-HO82-J-_E-102-01.DGN,SCD,dgn,125.0,,,
C025-V-HO82-J-_E-102-01.PDF,SCD,pdf,411.4,1.0,6920.0,True
C025-V-HO82-J-_E-103-01.DGN,SCD,dgn,95.5,,,
C025-V-HO82-J-_E-103-01.PDF,SCD,pdf,339.1,1.0,4040.0,True
C025-V-HO85-J-_E-101-01.DGN,SCD,dgn,244.5,,,
C025-V-HO85-J-_E-101-01.PDF,SCD,pdf,80.6,1.0,1523.0,True
C025-W-HO00-J-_E-001-01.DGN,SCD,dgn,292.5,,,
C025-W-HO00-J-_E-001-01.PDF,SCD,pdf,82.1,1.0,0.0,True
C025-W-HO00-J-_E-010-01.DGN,SCD,dgn,103.0,,,
C025-W-HO00-J-_E-010-01.PDF,SCD,pdf,387.9,1.0,6433.0,True
C025-W-HO00-J-_E-011-01.DGN,SCD,dgn,309.5,,,
C025-W-HO00-J-_E-011-01.PDF,SCD,pdf,58.7,1.0,0.0,True
C025-W-HO00-J-_E-012-01.DGN,SCD,dgn,369.0,,,
C025-W-HO00-J-_E-012-01.PDF,SCD,pdf,97.1,1.0,0.0,True
C025-W-HO00-J-_E-013-01.DGN,SCD,dgn,358.0,,,
C025-W-HO00-J-_E-013-01.PDF,SCD,pdf,77.0,1.0,0.0,True
C025-W-HO00-J-_E-014-01.DGN,SCD,dgn,432.5,,,
C025-W-HO00-J-_E-014-01.PDF,SCD,pdf,172.9,1.0,0.0,True
C025-W-HO00-J-_E-015-01.DGN,SCD,dgn,344.0,,,
C025-W-HO00-J-_E-015-01.PDF,SCD,pdf,71.5,1.0,0.0,True
C025-W-HO00-J-_E-020-01.CIT,SCD,cit,60.4,,,
C025-W-HO00-J-_E-020-01.DGN,SCD,dgn,75.5,,,
C025-W-HO00-J-_E-020-01.PDF,SCD,pdf,336.1,1.0,902.0,True
C025-W-HO00-J-_E-021-01.DGN,SCD,dgn,218.0,,,
C025-W-HO00-J-_E-021-01.PDF,SCD,pdf,340.0,1.0,8998.0,True
C025-W-HO00-J-_E-022-01.DGN,SCD,dgn,154.0,,,
C025-W-HO00-J-_E-022-01.PDF,SCD,pdf,265.7,1.0,0.0,True
C025-W-HO00-J-_E-030-01.DGN,SCD,dgn,86.5,,,
C025-W-HO00-J-_E-030-01.PDF,SCD,pdf,88.7,1.0,1316.0,True
C025-W-HO00-J-_E-040-01.DGN,SCD,dgn,138.0,,,
C025-W-HO00-J-_E-040-01.PDF,SCD,pdf,386.1,1.0,3172.0,True
C025-W-HO00-J-_E-050-01.DGN,SCD,dgn,229.5,,,
C025-W-HO00-J-_E-050-01.PDF,SCD,pdf,30.1,1.0,0.0,True
C025-W-HO13-J-_E-001-01.DGN,SCD,dgn,322.0,,,
C025-W-HO13-J-_E-001-01.PDF,SCD,pdf,337.3,1.0,9813.0,True
C025-W-HO13-J-_E-002-01.DGN,SCD,dgn,256.0,,,
C025-W-HO13-J-_E-002-01.PDF,SCD,pdf,353.1,1.0,6084.0,True
C025-W-HO20-J-_E-001-01.DGN,SCD,dgn,224.0,,,
C025-W-HO20-J-_E-001-01.PDF,SCD,pdf,188.7,1.0,5101.0,True
C025-W-HO20-J-_E-002-01.DGN,SCD,dgn,138.5,,,
C025-W-HO20-J-_E-002-01.PDF,SCD,pdf,164.5,1.0,2982.0,True
C025-W-HO21-J-_E-001-01.DGN,SCD,dgn,128.0,,,
C025-W-HO21-J-_E-001-01.PDF,SCD,pdf,162.4,1.0,2566.0,True
C025-W-HO24-J-_E-001-01.DGN,SCD,dgn,345.5,,,
C025-W-HO24-J-_E-001-01.PDF,SCD,pdf,263.9,1.0,7378.0,True
C025-W-HO27-J-_E-001-01.DGN,SCD,dgn,221.0,,,
C025-W-HO27-J-_E-001-01.PDF,SCD,pdf,193.8,1.0,5102.0,True
C025-W-HO42-J-_E-001-01.DGN,SCD,dgn,855.0,,,
C025-W-HO42-J-_E-001-01.PDF,SCD,pdf,98.6,1.0,0.0,True
C025-W-HO42-J-_E-002-01.DGN,SCD,dgn,673.0,,,
C025-W-HO42-J-_E-002-01.PDF,SCD,pdf,90.5,1.0,0.0,True
C025-W-HO42-J-_E-003-01.DGN,SCD,dgn,167.5,,,
C025-W-HO42-J-_E-003-01.PDF,SCD,pdf,214.5,1.0,4330.0,True
C025-W-HO42-J-_E-004-01.DGN,SCD,dgn,145.0,,,
C025-W-HO42-J-_E-004-01.PDF,SCD,pdf,169.5,1.0,3060.0,True
C025-W-HO42-J-_E-005-01.DGN,SCD,dgn,518.5,,,
C025-W-HO42-J-_E-005-01.PDF,SCD,pdf,137.8,1.0,0.0,True
C025-W-HO42-J-_E-006-01.DGN,SCD,dgn,238.0,,,
C025-W-HO42-J-_E-006-01.PDF,SCD,pdf,218.1,1.0,6191.0,True
C025-W-HO43-J-_E-001-01.DGN,SCD,dgn,309.5,,,
C025-W-HO43-J-_E-001-01.PDF,SCD,pdf,387.9,1.0,6840.0,True
C025-W-HO50-J-_E-001-01.DGN,SCD,dgn,672.0,,,
C025-W-HO50-J-_E-001-01.PDF,SCD,pdf,172.8,1.0,0.0,True
C025-W-HO50-J-_E-002-01.DGN,SCD,dgn,536.0,,,
C025-W-HO50-J-_E-002-01.PDF,SCD,pdf,81.5,1.0,0.0,True
C025-W-HO50-J-_E-003-01.DGN,SCD,dgn,558.0,,,
C025-W-HO50-J-_E-003-01.PDF,SCD,pdf,265.9,1.0,6.0,True
C025-W-HO50-J-_E-004-01.DGN,SCD,dgn,1057.5,,,
C025-W-HO50-J-_E-004-01.PDF,SCD,pdf,143.3,1.0,0.0,True
C025-W-HO53-J-_E-001-01.DGN,SCD,dgn,1116.5,,,
C025-W-HO53-J-_E-001-01.PDF,SCD,pdf,369.9,1.0,184.0,True
C025-W-HO56-J-_E-001-01.DGN,SCD,dgn,383.0,,,
C025-W-HO56-J-_E-001-01.PDF,SCD,pdf,58.2,1.0,0.0,True
C025-W-HO62-J-_E-001-01.DGN,SCD,dgn,228.0,,,
C025-W-HO62-J-_E-001-01.PDF,SCD,pdf,290.1,1.0,5833.0,True
C025-W-HO63-J-_E-001-01.DGN,SCD,dgn,632.0,,,
C025-W-HO63-J-_E-001-01.PDF,SCD,pdf,289.9,1.0,12.0,True
C025-W-HO63-J-_E-002-01.DGN,SCD,dgn,888.5,,,
C025-W-HO63-J-_E-002-01.PDF,SCD,pdf,187.4,1.0,0.0,True
C025-W-HO63-J-_E-003-01.DGN,SCD,dgn,886.5,,,
C025-W-HO63-J-_E-003-01.PDF,SCD,pdf,193.5,1.0,0.0,True
C025-W-HO63-J-_E-004-01.DGN,SCD,dgn,388.5,,,
C025-W-HO63-J-_E-004-01.PDF,SCD,pdf,71.1,1.0,0.0,True
C025-W-HO63-J-_E-005-01.PDF,SCD,pdf,319.5,7.0,0.0,True
C025-W-HO63-J-_E-006-01.PDF,SCD,pdf,321.7,7.0,0.0,True
C025-W-HO64-J-_E-001-01.DGN,SCD,dgn,479.0,,,
C025-W-HO64-J-_E-001-01.PDF,SCD,pdf,98.3,1.0,0.0,True
C025-W-HO65-J-_E-001-01.DGN,SCD,dgn,496.0,,,
C025-W-HO65-J-_E-001-01.PDF,SCD,pdf,105.0,1.0,0.0,True
C025-W-HO71-J-_E-001-01.DGN,SCD,dgn,337.5,,,
C025-W-HO71-J-_E-001-01.PDF,SCD,pdf,190.9,1.0,0.0,True
C025-W-HO77-J-_E-001-01.DGN,SCD,dgn,300.0,,,
C025-W-HO77-J-_E-001-01.PDF,SCD,pdf,385.3,1.0,6929.0,True
C025-W-HO77-J-_E-002-01.DGN,SCD,dgn,431.5,,,
C025-W-HO77-J-_E-002-01.PDF,SCD,pdf,55.0,1.0,0.0,True
C025-W-HO77-J-_E-003-01.PDF,SCD,pdf,190.1,4.0,0.0,True
C025-W-HO77-J-_E-004-01.DGN,SCD,dgn,440.0,,,
C025-W-HO77-J-_E-004-01.PDF,SCD,pdf,70.3,1.0,0.0,True
C025-W-HO79-J-_E-001-01.DGN,SCD,dgn,331.5,,,
C025-W-HO79-J-_E-001-01.PDF,SCD,pdf,140.1,1.0,6.0,True
C025-W-HO82-J-_E-001-01.DGN,SCD,dgn,924.5,,,
C025-W-HO82-J-_E-001-01.PDF,SCD,pdf,217.6,1.0,0.0,True
C025-W-HO82-J-_E-002-01.DGN,SCD,dgn,98.0,,,
C025-W-HO82-J-_E-002-01.PDF,SCD,pdf,287.8,1.0,5716.0,True
C025-W-HO82-J-_E-003-01.DGN,SCD,dgn,95.2,,,
C025-W-HO82-J-_E-003-01.PDF,SCD,pdf,241.8,1.0,4715.0,True
C025-W-HO82-J-_E-004-01.DGN,SCD,dgn,240.5,,,
C025-W-HO82-J-_E-004-01.PDF,SCD,pdf,106.3,1.0,0.0,True
C025-W-HO82-J-_E-005-01.DGN,SCD,dgn,240.0,,,
C025-W-HO82-J-_E-005-01.PDF,SCD,pdf,106.0,1.0,0.0,True
C025-W-HO82-J-_E-006-01.DGN,SCD,dgn,818.0,,,
C025-W-HO82-J-_E-006-01.PDF,SCD,pdf,473.3,1.0,417.0,True
C025-W-HO82-J-_E-007-01.DGN,SCD,dgn,624.0,,,
C025-W-HO82-J-_E-007-01.PDF,SCD,pdf,133.7,1.0,0.0,True
C025-W-HO82-J-_E-008-01.DGN,SCD,dgn,600.5,,,
C025-W-HO82-J-_E-008-01.PDF,SCD,pdf,120.5,1.0,0.0,True
C025-W-HO85-J-_E-001-01.DGN,SCD,dgn,211.0,,,
C025-W-HO85-J-_E-001-01.PDF,SCD,pdf,274.4,1.0,5082.0,True
C025-W-HO85-J-_E-002-01.DGN,SCD,dgn,277.0,,,
C025-W-HO85-J-_E-002-01.PDF,SCD,pdf,48.3,1.0,0.0,True
C025-W-HO85-J-_E-003-01.DGN,SCD,dgn,161.5,,,
C025-W-HO85-J-_E-003-01.PDF,SCD,pdf,215.5,1.0,4369.0,True
HHP-C025-W-HO82-J-_E-007-01.DGN,SCD,dgn,624.0,,,
HHP-C025-W-HO82-J-_E-008-01.DGN,SCD,dgn,600.5,,,
HHP-C025-W-HO85-J-_E-001-01.DGN,SCD,dgn,572.5,,,
HHP-C025-W-HO85-J-_E-001-01.PDF,SCD,pdf,285.4,1.0,285.0,True
HHP-C025-W-HO85-J-_E-003-01.PDF,SCD,pdf,198.0,1.0,6.0,True
C025-W-HO00-J-_E-010-01_A2_002.PDF,SCD Legend,pdf,387.9,1.0,6433.0,True
C025-W-HO00-J-E-011-01.pdf,SCD Legend,pdf,58.7,1.0,0.0,True
C025-W-HO00-J-E-012-01.pdf,SCD Legend,pdf,97.1,1.0,0.0,True
C025-W-HO00-J-E-013-01.pdf,SCD Legend,pdf,77.0,1.0,0.0,True
C025-W-HO00-J-E-014-01.pdf,SCD Legend,pdf,172.9,1.0,0.0,True
C025-W-HO00-J-E-015-01.pdf,SCD Legend,pdf,71.5,1.0,0.0,True
C025-V-HA24-P-_E-001-01.DGN.xml,Semantum Huldra P&IDS/Equinor 2026-02-18 13-02-31,xml,1092.6,,,
C025-V-HO27-P-_E-001-01.DGN.xml,Semantum Huldra P&IDS/Equinor 2026-02-18 13-02-31,xml,1876.0,,,
C025-V-HO27-P-_E-002-01.DGN.xml,Semantum Huldra P&IDS/Equinor 2026-02-18 13-02-31,xml,1940.9,,,
C025-V-HO27-P-_E-003-01.DGN.xml,Semantum Huldra P&IDS/Equinor 2026-02-18 13-02-31,xml,1548.7,,,
C025-V-HO45-P-_F-001-01.DGN.xml,Semantum Huldra P&IDS/Equinor 2026-02-18 13-02-31,xml,1369.3,,,
C025-V-HO63-P-_U-001-01.DGN.xml,Semantum Huldra P&IDS/Equinor 2026-02-18 13-02-31,xml,614.3,,,
C025-V-HO64-P-_U-001-01.DGN.xml,Semantum Huldra P&IDS/Equinor 2026-02-18 13-02-31,xml,455.1,,,
C025-V-HO71-P-_W-001-01.DGN.xml,Semantum Huldra P&IDS/Equinor 2026-02-18 13-02-31,xml,848.6,,,
C025-W-HO11-P-_E-001-01.DGN.xml,Semantum Huldra P&IDS/Equinor 2026-02-18 13-02-31,xml,589.2,,,
C025-W-HO13-P-_E-004-01.DGN.xml,Semantum Huldra P&IDS/Equinor 2026-02-18 13-02-31,xml,3043.2,,,
C025-W-HO20-P-_E-001-01.DGN.xml,Semantum Huldra P&IDS/Equinor 2026-02-18 13-02-31,xml,1343.7,,,
C025-W-HO20-P-_E-002-01.DGN.xml,Semantum Huldra P&IDS/Equinor 2026-02-18 13-02-31,xml,2966.8,,,
C025-W-HO50-P-_F-001-01.DGN.xml,Semantum Huldra P&IDS/Equinor 2026-02-18 13-02-31,xml,1361.5,,,
C025-W-HO63-P-_U-005-01.DGN.xml,Semantum Huldra P&IDS/Equinor 2026-02-18 13-02-31,xml,1251.1,,,
C025-W-HO64-P-_U-001-01.DGN.xml,Semantum Huldra P&IDS/Equinor 2026-02-18 13-02-31,xml,1868.3,,,
C025-W-HO71-P-_W-001-01.DGN.xml,Semantum Huldra P&IDS/Equinor 2026-02-18 13-02-31,xml,2027.9,,,
C025-W-HO82-P-_U-001-01.DGN.xml,Semantum Huldra P&IDS/Equinor 2026-02-18 13-02-31,xml,1718.4,,,
U999-1-000--PT-100-01.PDF,Symbols,pdf,98.7,1.0,1307.0,True
U999-1-000--PT-101-01.PDF,Symbols,pdf,167.7,1.0,3327.0,True
U999-1-000--PT-102-01.PDF,Symbols,pdf,100.0,1.0,1330.0,True
U999-1-000--PT-102-02.pdf,Symbols,pdf,32.1,1.0,0.0,True
U999-1-000--PT-103-01.PDF,Symbols,pdf,104.2,1.0,1280.0,True
U999-1-000--PT-104-01.PDF,Symbols,pdf,81.9,1.0,912.0,True
U999-1-000--PT-105-01.PDF,Symbols,pdf,152.9,1.0,2293.0,True
U999-1-000--PT-106-01.PDF,Symbols,pdf,137.7,1.0,1929.0,True
U999-1-000--PT-107-01.PDF,Symbols,pdf,169.0,1.0,3775.0,True
U999-1-000--PT-108-01.PDF,Symbols,pdf,112.2,1.0,1910.0,True
U999-1-000--PT-109-01.PDF,Symbols,pdf,102.4,1.0,1463.0,True
U999-1-000--PT-110-01.PDF,Symbols,pdf,79.3,1.0,833.0,True
U999-1-000--PT-111-01.PDF,Symbols,pdf,153.8,1.0,2707.0,True
U999-1-000--PT-112-01.PDF,Symbols,pdf,78.3,1.0,805.0,True
U999-1-000--PT-113-01.PDF,Symbols,pdf,105.5,1.0,1449.0,True
U999-1-000--PT-114-01.PDF,Symbols,pdf,94.6,1.0,1067.0,True
