time_iso,offset_s,tag,value_pct,value_eng,unit
2024-11-07T03:13:45+00:00,-15.0,13-2104PT,49.03,58.84,barg
2024-11-07T03:13:46+00:00,-14.0,13-2104PT,50.57,60.68,barg
2024-11-07T03:13:47+00:00,-13.0,13-2104PT,49.18,59.02,barg
2024-11-07T03:13:48+00:00,-12.0,13-2104PT,50.36,60.43,barg
2024-11-07T03:13:49+00:00,-11.0,13-2104PT,50.39,60.47,barg
2024-11-07T03:13:50+00:00,-10.0,13-2104PT,50.53,60.64,barg
2024-11-07T03:13:51+00:00,-9.0,13-2104PT,51.75,62.10,barg
2024-11-07T03:13:52+00:00,-8.0,13-2104PT,55.02,66.02,barg
2024-11-07T03:13:53+00:00,-7.0,13-2104PT,59.34,71.21,barg
2024-11-07T03:13:54+00:00,-6.0,13-2104PT,62.22,74.66,barg
2024-11-07T03:13:55+00:00,-5.0,13-2104PT,67.02,80.42,barg
2024-11-07T03:13:56+00:00,-4.0,13-2104PT,69.66,83.59,barg
2024-11-07T03:13:57+00:00,-3.0,13-2104PT,73.31,87.97,barg
2024-11-07T03:13:58+00:00,-2.0,13-2104PT,77.85,93.42,barg
2024-11-07T03:13:59+00:00,-1.0,13-2104PT,80.4,96.48,barg
2024-11-07T03:14:00+00:00,0.0,13-2104PT,81.01,97.21,barg
2024-11-07T03:14:01+00:00,1.0,13-2104PT,80.78,96.94,barg
2024-11-07T03:14:02+00:00,2.0,13-2104PT,83.15,99.78,barg
2024-11-07T03:14:03+00:00,3.0,13-2104PT,83.11,99.73,barg
2024-11-07T03:14:04+00:00,4.0,13-2104PT,85.64,102.77,barg
2024-11-07T03:14:05+00:00,5.0,13-2104PT,85.2,102.24,barg
2024-11-07T03:14:06+00:00,6.0,13-2104PT,87.07,104.48,barg
2024-11-07T03:14:07+00:00,7.0,13-2104PT,88.73,106.48,barg
2024-11-07T03:14:08+00:00,8.0,13-2104PT,89.48,107.38,barg
2024-11-07T03:14:09+00:00,9.0,13-2104PT,88.92,106.70,barg
2024-11-07T03:14:10+00:00,10.0,13-2104PT,90.1,108.12,barg
2024-11-07T03:14:11+00:00,11.0,13-2104PT,89.5,107.40,barg
2024-11-07T03:14:12+00:00,12.0,13-2104PT,89.86,107.83,barg
2024-11-07T03:14:13+00:00,13.0,13-2104PT,89.1,106.92,barg
2024-11-07T03:14:14+00:00,14.0,13-2104PT,90.18,108.22,barg
2024-11-07T03:14:15+00:00,15.0,13-2104PT,88.66,106.39,barg
2024-11-07T03:14:16+00:00,16.0,13-2104PT,88.61,106.33,barg
2024-11-07T03:14:17+00:00,17.0,13-2104PT,88.52,106.22,barg
2024-11-07T03:14:18+00:00,18.0,13-2104PT,89.08,106.90,barg
2024-11-07T03:14:19+00:00,19.0,13-2104PT,89.69,107.63,barg
2024-11-07T03:14:20+00:00,20.0,13-2104PT,88.77,106.52,barg
2024-11-07T03:14:21+00:00,21.0,13-2104PT,90.06,108.07,barg
2024-11-07T03:14:22+00:00,22.0,13-2104PT,89.3,107.16,barg
2024-11-07T03:14:23+00:00,23.0,13-2104PT,90.74,108.89,barg
2024-11-07T03:14:24+00:00,24.0,13-2104PT,90.23,108.28,barg
2024-11-07T03:14:25+00:00,25.0,13-2104PT,88.99,106.79,barg
2024-11-07T03:14:26+00:00,26.0,13-2104PT,90.33,108.40,barg
2024-11-07T03:14:27+00:00,27.0,13-2104PT,90.58,108.70,barg
2024-11-07T03:14:28+00:00,28.0,13-2104PT,90.72,108.86,barg
2024-11-07T03:13:45+00:00,-15.0,13-2096PT,50.4,60.48,barg
2024-11-07T03:13:46+00:00,-14.0,13-2096PT,49.74,59.69,barg
2024-11-07T03:13:47+00:00,-13.0,13-2096PT,49.86,59.83,barg
2024-11-07T03:13:48+00:00,-12.0,13-2096PT,50.79,60.95,barg
2024-11-07T03:13:49+00:00,-11.0,13-2096PT,49.39,59.27,barg
2024-11-07T03:13:50+00:00,-10.0,13-2096PT,49.67,59.60,barg
2024-11-07T03:13:51+00:00,-9.0,13-2096PT,50.5,60.60,barg
2024-11-07T03:13:52+00:00,-8.0,13-2096PT,50.17,60.20,barg
2024-11-07T03:13:53+00:00,-7.0,13-2096PT,49.19,59.03,barg
2024-11-07T03:13:54+00:00,-6.0,13-2096PT,51.75,62.10,barg
2024-11-07T03:13:55+00:00,-5.0,13-2096PT,53.16,63.79,barg
2024-11-07T03:13:56+00:00,-4.0,13-2096PT,56.29,67.55,barg
2024-11-07T03:13:57+00:00,-3.0,13-2096PT,61.29,73.55,barg
2024-11-07T03:13:58+00:00,-2.0,13-2096PT,65.67,78.80,barg
2024-11-07T03:13:59+00:00,-1.0,13-2096PT,68.76,82.51,barg
2024-11-07T03:14:00+00:00,0.0,13-2096PT,73.37,88.04,barg
2024-11-07T03:14:01+00:00,1.0,13-2096PT,77.75,93.30,barg
2024-11-07T03:14:02+00:00,2.0,13-2096PT,79.3,95.16,barg
2024-11-07T03:14:03+00:00,3.0,13-2096PT,79.46,95.35,barg
2024-11-07T03:14:04+00:00,4.0,13-2096PT,81.96,98.35,barg
2024-11-07T03:14:05+00:00,5.0,13-2096PT,81.6,97.92,barg
2024-11-07T03:14:06+00:00,6.0,13-2096PT,84.19,101.03,barg
2024-11-07T03:14:07+00:00,7.0,13-2096PT,85.15,102.18,barg
2024-11-07T03:14:08+00:00,8.0,13-2096PT,85.69,102.83,barg
2024-11-07T03:14:09+00:00,9.0,13-2096PT,86.82,104.18,barg
2024-11-07T03:14:10+00:00,10.0,13-2096PT,88.46,106.15,barg
2024-11-07T03:14:11+00:00,11.0,13-2096PT,88.71,106.45,barg
2024-11-07T03:14:12+00:00,12.0,13-2096PT,89.34,107.21,barg
2024-11-07T03:14:13+00:00,13.0,13-2096PT,88.42,106.10,barg
2024-11-07T03:14:14+00:00,14.0,13-2096PT,90.78,108.94,barg
2024-11-07T03:14:15+00:00,15.0,13-2096PT,89.36,107.23,barg
2024-11-07T03:14:16+00:00,16.0,13-2096PT,89.73,107.68,barg
2024-11-07T03:14:17+00:00,17.0,13-2096PT,90.71,108.85,barg
2024-11-07T03:14:18+00:00,18.0,13-2096PT,88.54,106.25,barg
2024-11-07T03:14:19+00:00,19.0,13-2096PT,89.91,107.89,barg
2024-11-07T03:14:20+00:00,20.0,13-2096PT,88.86,106.63,barg
2024-11-07T03:14:21+00:00,21.0,13-2096PT,90.07,108.08,barg
2024-11-07T03:14:22+00:00,22.0,13-2096PT,90.41,108.49,barg
2024-11-07T03:14:23+00:00,23.0,13-2096PT,88.54,106.25,barg
2024-11-07T03:14:24+00:00,24.0,13-2096PT,89.96,107.95,barg
2024-11-07T03:14:25+00:00,25.0,13-2096PT,88.64,106.37,barg
2024-11-07T03:14:26+00:00,26.0,13-2096PT,89.64,107.57,barg
2024-11-07T03:14:27+00:00,27.0,13-2096PT,88.63,106.36,barg
2024-11-07T03:14:28+00:00,28.0,13-2096PT,90.53,108.64,barg
2024-11-07T03:13:45+00:00,-15.0,45-PT4831,50.83,61.00,barg
2024-11-07T03:13:46+00:00,-14.0,45-PT4831,49.2,59.04,barg
2024-11-07T03:13:47+00:00,-13.0,45-PT4831,50.05,60.06,barg
2024-11-07T03:13:48+00:00,-12.0,45-PT4831,49.7,59.64,barg
2024-11-07T03:13:49+00:00,-11.0,45-PT4831,50.65,60.78,barg
2024-11-07T03:13:50+00:00,-10.0,45-PT4831,50.38,60.46,barg
2024-11-07T03:13:51+00:00,-9.0,45-PT4831,49.07,58.88,barg
2024-11-07T03:13:52+00:00,-8.0,45-PT4831,51.05,61.26,barg
2024-11-07T03:13:53+00:00,-7.0,45-PT4831,48.97,58.76,barg
2024-11-07T03:13:54+00:00,-6.0,45-PT4831,51.07,61.28,barg
2024-11-07T03:13:55+00:00,-5.0,45-PT4831,50.44,60.53,barg
2024-11-07T03:13:56+00:00,-4.0,45-PT4831,49.38,59.26,barg
2024-11-07T03:13:57+00:00,-3.0,45-PT4831,51.67,62.00,barg
2024-11-07T03:13:58+00:00,-2.0,45-PT4831,53.65,64.38,barg
2024-11-07T03:13:59+00:00,-1.0,45-PT4831,56.37,67.64,barg
2024-11-07T03:14:00+00:00,0.0,45-PT4831,61.32,73.58,barg
2024-11-07T03:14:01+00:00,1.0,45-PT4831,65.92,79.10,barg
2024-11-07T03:14:02+00:00,2.0,45-PT4831,70.62,84.74,barg
2024-11-07T03:14:03+00:00,3.0,45-PT4831,75.86,91.03,barg
2024-11-07T03:14:04+00:00,4.0,45-PT4831,79.18,95.02,barg
2024-11-07T03:14:05+00:00,5.0,45-PT4831,79.02,94.82,barg
2024-11-07T03:14:06+00:00,6.0,45-PT4831,81.03,97.24,barg
2024-11-07T03:14:07+00:00,7.0,45-PT4831,82.62,99.14,barg
2024-11-07T03:14:08+00:00,8.0,45-PT4831,83.68,100.42,barg
2024-11-07T03:14:09+00:00,9.0,45-PT4831,85.02,102.02,barg
2024-11-07T03:14:10+00:00,10.0,45-PT4831,84.99,101.99,barg
2024-11-07T03:14:11+00:00,11.0,45-PT4831,87.56,105.07,barg
2024-11-07T03:14:12+00:00,12.0,45-PT4831,89.14,106.97,barg
2024-11-07T03:14:13+00:00,13.0,45-PT4831,89.77,107.72,barg
2024-11-07T03:14:14+00:00,14.0,45-PT4831,89.36,107.23,barg
2024-11-07T03:14:15+00:00,15.0,45-PT4831,90.05,108.06,barg
2024-11-07T03:14:16+00:00,16.0,45-PT4831,88.42,106.10,barg
2024-11-07T03:14:17+00:00,17.0,45-PT4831,90.58,108.70,barg
2024-11-07T03:14:18+00:00,18.0,45-PT4831,90.14,108.17,barg
2024-11-07T03:14:19+00:00,19.0,45-PT4831,89.75,107.70,barg
2024-11-07T03:14:20+00:00,20.0,45-PT4831,89.35,107.22,barg
2024-11-07T03:14:21+00:00,21.0,45-PT4831,89.21,107.05,barg
2024-11-07T03:14:22+00:00,22.0,45-PT4831,89.1,106.92,barg
2024-11-07T03:14:23+00:00,23.0,45-PT4831,90.48,108.58,barg
2024-11-07T03:14:24+00:00,24.0,45-PT4831,90.51,108.61,barg
2024-11-07T03:14:25+00:00,25.0,45-PT4831,90.19,108.23,barg
2024-11-07T03:14:26+00:00,26.0,45-PT4831,90.6,108.72,barg
2024-11-07T03:14:27+00:00,27.0,45-PT4831,89.36,107.23,barg
2024-11-07T03:14:28+00:00,28.0,45-PT4831,89.32,107.18,barg
2024-11-07T03:13:45+00:00,-15.0,13-2100PT,49.31,59.17,barg
2024-11-07T03:13:46+00:00,-14.0,13-2100PT,50.94,61.13,barg
2024-11-07T03:13:47+00:00,-13.0,13-2100PT,50.6,60.72,barg
2024-11-07T03:13:48+00:00,-12.0,13-2100PT,49.06,58.87,barg
2024-11-07T03:13:49+00:00,-11.0,13-2100PT,49.04,58.85,barg
2024-11-07T03:13:50+00:00,-10.0,13-2100PT,49.36,59.23,barg
2024-11-07T03:13:51+00:00,-9.0,13-2100PT,49.1,58.92,barg
2024-11-07T03:13:52+00:00,-8.0,13-2100PT,49.44,59.33,barg
2024-11-07T03:13:53+00:00,-7.0,13-2100PT,50.71,60.85,barg
2024-11-07T03:13:54+00:00,-6.0,13-2100PT,49.12,58.94,barg
2024-11-07T03:13:55+00:00,-5.0,13-2100PT,49.49,59.39,barg
2024-11-07T03:13:56+00:00,-4.0,13-2100PT,50.35,60.42,barg
2024-11-07T03:13:57+00:00,-3.0,13-2100PT,49.74,59.69,barg
2024-11-07T03:13:58+00:00,-2.0,13-2100PT,48.98,58.78,barg
2024-11-07T03:13:59+00:00,-1.0,13-2100PT,52.42,62.90,barg
2024-11-07T03:14:00+00:00,0.0,13-2100PT,55.03,66.04,barg
2024-11-07T03:14:01+00:00,1.0,13-2100PT,58.89,70.67,barg
2024-11-07T03:14:02+00:00,2.0,13-2100PT,65.59,78.71,barg
2024-11-07T03:14:03+00:00,3.0,13-2100PT,69.9,83.88,barg
2024-11-07T03:14:04+00:00,4.0,13-2100PT,74.99,89.99,barg
2024-11-07T03:14:05+00:00,5.0,13-2100PT,77.54,93.05,barg
2024-11-07T03:14:06+00:00,6.0,13-2100PT,80.24,96.29,barg
2024-11-07T03:14:07+00:00,7.0,13-2100PT,82.1,98.52,barg
2024-11-07T03:14:08+00:00,8.0,13-2100PT,81.15,97.38,barg
2024-11-07T03:14:09+00:00,9.0,13-2100PT,82.52,99.02,barg
2024-11-07T03:14:10+00:00,10.0,13-2100PT,85.54,102.65,barg
2024-11-07T03:14:11+00:00,11.0,13-2100PT,85.75,102.90,barg
2024-11-07T03:14:12+00:00,12.0,13-2100PT,86.41,103.69,barg
2024-11-07T03:14:13+00:00,13.0,13-2100PT,88.89,106.67,barg
2024-11-07T03:14:14+00:00,14.0,13-2100PT,90.09,108.11,barg
2024-11-07T03:14:15+00:00,15.0,13-2100PT,90.1,108.12,barg
2024-11-07T03:14:16+00:00,16.0,13-2100PT,89.45,107.34,barg
2024-11-07T03:14:17+00:00,17.0,13-2100PT,90.24,108.29,barg
2024-11-07T03:14:18+00:00,18.0,13-2100PT,89.31,107.17,barg
2024-11-07T03:14:19+00:00,19.0,13-2100PT,89.16,106.99,barg
2024-11-07T03:14:20+00:00,20.0,13-2100PT,90.64,108.77,barg
2024-11-07T03:14:21+00:00,21.0,13-2100PT,90.64,108.77,barg
2024-11-07T03:14:22+00:00,22.0,13-2100PT,89.3,107.16,barg
2024-11-07T03:14:23+00:00,23.0,13-2100PT,90.37,108.44,barg
2024-11-07T03:14:24+00:00,24.0,13-2100PT,90.4,108.48,barg
2024-11-07T03:14:25+00:00,25.0,13-2100PT,90.24,108.29,barg
2024-11-07T03:14:26+00:00,26.0,13-2100PT,89.78,107.74,barg
2024-11-07T03:14:27+00:00,27.0,13-2100PT,90.39,108.47,barg
2024-11-07T03:14:28+00:00,28.0,13-2100PT,90.11,108.13,barg
2024-11-07T03:13:45+00:00,-15.0,24-LY2162A,49.93,49.93,%
2024-11-07T03:13:46+00:00,-14.0,24-LY2162A,48.96,48.96,%
2024-11-07T03:13:47+00:00,-13.0,24-LY2162A,51.15,51.15,%
2024-11-07T03:13:48+00:00,-12.0,24-LY2162A,49.85,49.85,%
2024-11-07T03:13:49+00:00,-11.0,24-LY2162A,50.84,50.84,%
2024-11-07T03:13:50+00:00,-10.0,24-LY2162A,49.19,49.19,%
2024-11-07T03:13:51+00:00,-9.0,24-LY2162A,50.92,50.92,%
2024-11-07T03:13:52+00:00,-8.0,24-LY2162A,48.98,48.98,%
2024-11-07T03:13:53+00:00,-7.0,24-LY2162A,50.4,50.40,%
2024-11-07T03:13:54+00:00,-6.0,24-LY2162A,49.31,49.31,%
2024-11-07T03:13:55+00:00,-5.0,24-LY2162A,49.75,49.75,%
2024-11-07T03:13:56+00:00,-4.0,24-LY2162A,50.66,50.66,%
2024-11-07T03:13:57+00:00,-3.0,24-LY2162A,49.41,49.41,%
2024-11-07T03:13:58+00:00,-2.0,24-LY2162A,50.92,50.92,%
2024-11-07T03:13:59+00:00,-1.0,24-LY2162A,50.96,50.96,%
2024-11-07T03:14:00+00:00,0.0,24-LY2162A,53.02,53.02,%
2024-11-07T03:14:01+00:00,1.0,24-LY2162A,57.35,57.35,%
2024-11-07T03:14:02+00:00,2.0,24-LY2162A,60.39,60.39,%
2024-11-07T03:14:03+00:00,3.0,24-LY2162A,66.41,66.41,%
2024-11-07T03:14:04+00:00,4.0,24-LY2162A,70.55,70.55,%
2024-11-07T03:14:05+00:00,5.0,24-LY2162A,75.95,75.95,%
2024-11-07T03:14:06+00:00,6.0,24-LY2162A,79.03,79.03,%
2024-11-07T03:14:07+00:00,7.0,24-LY2162A,79.43,79.43,%
2024-11-07T03:14:08+00:00,8.0,24-LY2162A,81.8,81.80,%
2024-11-07T03:14:09+00:00,9.0,24-LY2162A,80.74,80.74,%
2024-11-07T03:14:10+00:00,10.0,24-LY2162A,82.66,82.66,%
2024-11-07T03:14:11+00:00,11.0,24-LY2162A,83.18,83.18,%
2024-11-07T03:14:12+00:00,12.0,24-LY2162A,86.26,86.26,%
2024-11-07T03:14:13+00:00,13.0,24-LY2162A,85.52,85.52,%
2024-11-07T03:14:14+00:00,14.0,24-LY2162A,87.92,87.92,%
2024-11-07T03:14:15+00:00,15.0,24-LY2162A,87.9,87.90,%
2024-11-07T03:14:16+00:00,16.0,24-LY2162A,90.03,90.03,%
2024-11-07T03:14:17+00:00,17.0,24-LY2162A,89.56,89.56,%
2024-11-07T03:14:18+00:00,18.0,24-LY2162A,89.75,89.75,%
2024-11-07T03:14:19+00:00,19.0,24-LY2162A,90.59,90.59,%
2024-11-07T03:14:20+00:00,20.0,24-LY2162A,89.49,89.49,%
2024-11-07T03:14:21+00:00,21.0,24-LY2162A,88.97,88.97,%
2024-11-07T03:14:22+00:00,22.0,24-LY2162A,89.77,89.77,%
2024-11-07T03:14:23+00:00,23.0,24-LY2162A,88.43,88.43,%
2024-11-07T03:14:24+00:00,24.0,24-LY2162A,89.29,89.29,%
2024-11-07T03:14:25+00:00,25.0,24-LY2162A,90.0,90.00,%
2024-11-07T03:14:26+00:00,26.0,24-LY2162A,88.98,88.98,%
2024-11-07T03:14:27+00:00,27.0,24-LY2162A,89.06,89.06,%
2024-11-07T03:14:28+00:00,28.0,24-LY2162A,90.63,90.63,%
2024-11-07T03:13:45+00:00,-15.0,27-PT4823,50.33,60.40,barg
2024-11-07T03:13:46+00:00,-14.0,27-PT4823,49.61,59.53,barg
2024-11-07T03:13:47+00:00,-13.0,27-PT4823,50.82,60.98,barg
2024-11-07T03:13:48+00:00,-12.0,27-PT4823,49.42,59.30,barg
2024-11-07T03:13:49+00:00,-11.0,27-PT4823,50.55,60.66,barg
2024-11-07T03:13:50+00:00,-10.0,27-PT4823,50.85,61.02,barg
2024-11-07T03:13:51+00:00,-9.0,27-PT4823,50.39,60.47,barg
2024-11-07T03:13:52+00:00,-8.0,27-PT4823,49.35,59.22,barg
2024-11-07T03:13:53+00:00,-7.0,27-PT4823,50.36,60.43,barg
2024-11-07T03:13:54+00:00,-6.0,27-PT4823,49.7,59.64,barg
2024-11-07T03:13:55+00:00,-5.0,27-PT4823,48.89,58.67,barg
2024-11-07T03:13:56+00:00,-4.0,27-PT4823,50.2,60.24,barg
2024-11-07T03:13:57+00:00,-3.0,27-PT4823,49.83,59.80,barg
2024-11-07T03:13:58+00:00,-2.0,27-PT4823,49.36,59.23,barg
2024-11-07T03:13:59+00:00,-1.0,27-PT4823,49.29,59.15,barg
2024-11-07T03:14:00+00:00,0.0,27-PT4823,52.46,62.95,barg
2024-11-07T03:14:01+00:00,1.0,27-PT4823,54.32,65.18,barg
2024-11-07T03:14:02+00:00,2.0,27-PT4823,58.26,69.91,barg
2024-11-07T03:14:03+00:00,3.0,27-PT4823,60.95,73.14,barg
2024-11-07T03:14:04+00:00,4.0,27-PT4823,66.09,79.31,barg
2024-11-07T03:14:05+00:00,5.0,27-PT4823,69.55,83.46,barg
2024-11-07T03:14:06+00:00,6.0,27-PT4823,73.69,88.43,barg
2024-11-07T03:14:07+00:00,7.0,27-PT4823,77.7,93.24,barg
2024-11-07T03:14:08+00:00,8.0,27-PT4823,80.65,96.78,barg
2024-11-07T03:14:09+00:00,9.0,27-PT4823,80.35,96.42,barg
2024-11-07T03:14:10+00:00,10.0,27-PT4823,81.14,97.37,barg
2024-11-07T03:14:11+00:00,11.0,27-PT4823,81.74,98.09,barg
2024-11-07T03:14:12+00:00,12.0,27-PT4823,83.05,99.66,barg
2024-11-07T03:14:13+00:00,13.0,27-PT4823,84.49,101.39,barg
2024-11-07T03:14:14+00:00,14.0,27-PT4823,86.71,104.05,barg
2024-11-07T03:14:15+00:00,15.0,27-PT4823,88.72,106.46,barg
2024-11-07T03:14:16+00:00,16.0,27-PT4823,88.54,106.25,barg
2024-11-07T03:14:17+00:00,17.0,27-PT4823,90.79,108.95,barg
2024-11-07T03:14:18+00:00,18.0,27-PT4823,88.87,106.64,barg
2024-11-07T03:14:19+00:00,19.0,27-PT4823,90.3,108.36,barg
2024-11-07T03:14:20+00:00,20.0,27-PT4823,90.09,108.11,barg
2024-11-07T03:14:21+00:00,21.0,27-PT4823,88.55,106.26,barg
2024-11-07T03:14:22+00:00,22.0,27-PT4823,89.73,107.68,barg
2024-11-07T03:14:23+00:00,23.0,27-PT4823,88.58,106.30,barg
2024-11-07T03:14:24+00:00,24.0,27-PT4823,88.98,106.78,barg
2024-11-07T03:14:25+00:00,25.0,27-PT4823,90.56,108.67,barg
2024-11-07T03:14:26+00:00,26.0,27-PT4823,90.74,108.89,barg
2024-11-07T03:14:27+00:00,27.0,27-PT4823,88.93,106.72,barg
2024-11-07T03:14:28+00:00,28.0,27-PT4823,90.21,108.25,barg
2024-11-07T03:13:45+00:00,-15.0,13-2101PT,51.07,61.28,barg
2024-11-07T03:13:46+00:00,-14.0,13-2101PT,51.07,61.28,barg
2024-11-07T03:13:47+00:00,-13.0,13-2101PT,49.39,59.27,barg
2024-11-07T03:13:48+00:00,-12.0,13-2101PT,49.24,59.09,barg
2024-11-07T03:13:49+00:00,-11.0,13-2101PT,49.54,59.45,barg
2024-11-07T03:13:50+00:00,-10.0,13-2101PT,49.1,58.92,barg
2024-11-07T03:13:51+00:00,-9.0,13-2101PT,49.24,59.09,barg
2024-11-07T03:13:52+00:00,-8.0,13-2101PT,49.76,59.71,barg
2024-11-07T03:13:53+00:00,-7.0,13-2101PT,50.14,60.17,barg
2024-11-07T03:13:54+00:00,-6.0,13-2101PT,49.75,59.70,barg
2024-11-07T03:13:55+00:00,-5.0,13-2101PT,50.55,60.66,barg
2024-11-07T03:13:56+00:00,-4.0,13-2101PT,50.23,60.28,barg
2024-11-07T03:13:57+00:00,-3.0,13-2101PT,48.85,58.62,barg
2024-11-07T03:13:58+00:00,-2.0,13-2101PT,49.92,59.90,barg
2024-11-07T03:13:59+00:00,-1.0,13-2101PT,49.93,59.92,barg
2024-11-07T03:14:00+00:00,0.0,13-2101PT,50.48,60.58,barg
2024-11-07T03:14:01+00:00,1.0,13-2101PT,49.95,59.94,barg
2024-11-07T03:14:02+00:00,2.0,13-2101PT,52.87,63.44,barg
2024-11-07T03:14:03+00:00,3.0,13-2101PT,54.84,65.81,barg
2024-11-07T03:14:04+00:00,4.0,13-2101PT,59.23,71.08,barg
2024-11-07T03:14:05+00:00,5.0,13-2101PT,65.15,78.18,barg
2024-11-07T03:14:06+00:00,6.0,13-2101PT,72.24,86.69,barg
2024-11-07T03:14:07+00:00,7.0,13-2101PT,76.07,91.28,barg
2024-11-07T03:14:08+00:00,8.0,13-2101PT,78.92,94.70,barg
2024-11-07T03:14:09+00:00,9.0,13-2101PT,80.3,96.36,barg
2024-11-07T03:14:10+00:00,10.0,13-2101PT,81.84,98.21,barg
2024-11-07T03:14:11+00:00,11.0,13-2101PT,81.79,98.15,barg
2024-11-07T03:14:12+00:00,12.0,13-2101PT,83.07,99.68,barg
2024-11-07T03:14:13+00:00,13.0,13-2101PT,84.15,100.98,barg
2024-11-07T03:14:14+00:00,14.0,13-2101PT,85.48,102.58,barg
2024-11-07T03:14:15+00:00,15.0,13-2101PT,86.65,103.98,barg
2024-11-07T03:14:16+00:00,16.0,13-2101PT,89.12,106.94,barg
2024-11-07T03:14:17+00:00,17.0,13-2101PT,89.97,107.96,barg
2024-11-07T03:14:18+00:00,18.0,13-2101PT,90.23,108.28,barg
2024-11-07T03:14:19+00:00,19.0,13-2101PT,89.18,107.02,barg
2024-11-07T03:14:20+00:00,20.0,13-2101PT,90.62,108.74,barg
2024-11-07T03:14:21+00:00,21.0,13-2101PT,88.8,106.56,barg
2024-11-07T03:14:22+00:00,22.0,13-2101PT,90.61,108.73,barg
2024-11-07T03:14:23+00:00,23.0,13-2101PT,89.33,107.20,barg
2024-11-07T03:14:24+00:00,24.0,13-2101PT,89.49,107.39,barg
2024-11-07T03:14:25+00:00,25.0,13-2101PT,90.51,108.61,barg
2024-11-07T03:14:26+00:00,26.0,13-2101PT,89.71,107.65,barg
2024-11-07T03:14:27+00:00,27.0,13-2101PT,88.85,106.62,barg
2024-11-07T03:14:28+00:00,28.0,13-2101PT,88.91,106.69,barg
2024-11-07T03:13:45+00:00,-15.0,45-ZL4805,50.47,50.47,%
2024-11-07T03:13:46+00:00,-14.0,45-ZL4805,49.94,49.94,%
2024-11-07T03:13:47+00:00,-13.0,45-ZL4805,49.6,49.60,%
2024-11-07T03:13:48+00:00,-12.0,45-ZL4805,49.51,49.51,%
2024-11-07T03:13:49+00:00,-11.0,45-ZL4805,50.67,50.67,%
2024-11-07T03:13:50+00:00,-10.0,45-ZL4805,50.62,50.62,%
2024-11-07T03:13:51+00:00,-9.0,45-ZL4805,49.38,49.38,%
2024-11-07T03:13:52+00:00,-8.0,45-ZL4805,49.0,49.00,%
2024-11-07T03:13:53+00:00,-7.0,45-ZL4805,49.61,49.61,%
2024-11-07T03:13:54+00:00,-6.0,45-ZL4805,51.17,51.17,%
2024-11-07T03:13:55+00:00,-5.0,45-ZL4805,49.65,49.65,%
2024-11-07T03:13:56+00:00,-4.0,45-ZL4805,49.34,49.34,%
2024-11-07T03:13:57+00:00,-3.0,45-ZL4805,50.96,50.96,%
2024-11-07T03:13:58+00:00,-2.0,45-ZL4805,49.64,49.64,%
2024-11-07T03:13:59+00:00,-1.0,45-ZL4805,49.08,49.08,%
2024-11-07T03:14:00+00:00,0.0,45-ZL4805,48.87,48.87,%
2024-11-07T03:14:01+00:00,1.0,45-ZL4805,49.4,49.40,%
2024-11-07T03:14:02+00:00,2.0,45-ZL4805,51.44,51.44,%
2024-11-07T03:14:03+00:00,3.0,45-ZL4805,51.83,51.83,%
2024-11-07T03:14:04+00:00,4.0,45-ZL4805,56.09,56.09,%
2024-11-07T03:14:05+00:00,5.0,45-ZL4805,59.98,59.98,%
2024-11-07T03:14:06+00:00,6.0,45-ZL4805,64.95,64.95,%
2024-11-07T03:14:07+00:00,7.0,45-ZL4805,70.04,70.04,%
2024-11-07T03:14:08+00:00,8.0,45-ZL4805,73.44,73.44,%
2024-11-07T03:14:09+00:00,9.0,45-ZL4805,76.76,76.76,%
2024-11-07T03:14:10+00:00,10.0,45-ZL4805,78.67,78.67,%
2024-11-07T03:14:11+00:00,11.0,45-ZL4805,80.77,80.77,%
2024-11-07T03:14:12+00:00,12.0,45-ZL4805,80.41,80.41,%
2024-11-07T03:14:13+00:00,13.0,45-ZL4805,83.59,83.59,%
2024-11-07T03:14:14+00:00,14.0,45-ZL4805,82.81,82.81,%
2024-11-07T03:14:15+00:00,15.0,45-ZL4805,83.88,83.88,%
2024-11-07T03:14:16+00:00,16.0,45-ZL4805,85.58,85.58,%
2024-11-07T03:14:17+00:00,17.0,45-ZL4805,86.62,86.62,%
2024-11-07T03:14:18+00:00,18.0,45-ZL4805,89.67,89.67,%
2024-11-07T03:14:19+00:00,19.0,45-ZL4805,88.57,88.57,%
2024-11-07T03:14:20+00:00,20.0,45-ZL4805,90.46,90.46,%
2024-11-07T03:14:21+00:00,21.0,45-ZL4805,89.52,89.52,%
2024-11-07T03:14:22+00:00,22.0,45-ZL4805,89.9,89.90,%
2024-11-07T03:14:23+00:00,23.0,45-ZL4805,90.49,90.49,%
2024-11-07T03:14:24+00:00,24.0,45-ZL4805,89.88,89.88,%
2024-11-07T03:14:25+00:00,25.0,45-ZL4805,90.17,90.17,%
2024-11-07T03:14:26+00:00,26.0,45-ZL4805,90.8,90.80,%
2024-11-07T03:14:27+00:00,27.0,45-ZL4805,89.02,89.02,%
2024-11-07T03:14:28+00:00,28.0,45-ZL4805,89.81,89.81,%
2024-11-07T03:13:45+00:00,-15.0,71-XY2015,49.4,49.40,%
2024-11-07T03:13:46+00:00,-14.0,71-XY2015,49.34,49.34,%
2024-11-07T03:13:47+00:00,-13.0,71-XY2015,49.39,49.39,%
2024-11-07T03:13:48+00:00,-12.0,71-XY2015,48.96,48.96,%
2024-11-07T03:13:49+00:00,-11.0,71-XY2015,50.58,50.58,%
2024-11-07T03:13:50+00:00,-10.0,71-XY2015,49.17,49.17,%
2024-11-07T03:13:51+00:00,-9.0,71-XY2015,50.46,50.46,%
2024-11-07T03:13:52+00:00,-8.0,71-XY2015,49.37,49.37,%
2024-11-07T03:13:53+00:00,-7.0,71-XY2015,49.64,49.64,%
2024-11-07T03:13:54+00:00,-6.0,71-XY2015,48.92,48.92,%
2024-11-07T03:13:55+00:00,-5.0,71-XY2015,50.76,50.76,%
2024-11-07T03:13:56+00:00,-4.0,71-XY2015,49.31,49.31,%
2024-11-07T03:13:57+00:00,-3.0,71-XY2015,49.21,49.21,%
2024-11-07T03:13:58+00:00,-2.0,71-XY2015,49.76,49.76,%
2024-11-07T03:13:59+00:00,-1.0,71-XY2015,50.84,50.84,%
2024-11-07T03:14:00+00:00,0.0,71-XY2015,49.61,49.61,%
2024-11-07T03:14:01+00:00,1.0,71-XY2015,49.66,49.66,%
2024-11-07T03:14:02+00:00,2.0,71-XY2015,49.93,49.93,%
2024-11-07T03:14:03+00:00,3.0,71-XY2015,51.74,51.74,%
2024-11-07T03:14:04+00:00,4.0,71-XY2015,53.27,53.27,%
2024-11-07T03:14:05+00:00,5.0,71-XY2015,58.33,58.33,%
2024-11-07T03:14:06+00:00,6.0,71-XY2015,62.24,62.24,%
2024-11-07T03:14:07+00:00,7.0,71-XY2015,67.32,67.32,%
2024-11-07T03:14:08+00:00,8.0,71-XY2015,71.11,71.11,%
2024-11-07T03:14:09+00:00,9.0,71-XY2015,74.41,74.41,%
2024-11-07T03:14:10+00:00,10.0,71-XY2015,77.37,77.37,%
2024-11-07T03:14:11+00:00,11.0,71-XY2015,80.5,80.50,%
2024-11-07T03:14:12+00:00,12.0,71-XY2015,80.05,80.05,%
2024-11-07T03:14:13+00:00,13.0,71-XY2015,80.93,80.93,%
2024-11-07T03:14:14+00:00,14.0,71-XY2015,82.37,82.37,%
2024-11-07T03:14:15+00:00,15.0,71-XY2015,83.19,83.19,%
2024-11-07T03:14:16+00:00,16.0,71-XY2015,85.75,85.75,%
2024-11-07T03:14:17+00:00,17.0,71-XY2015,86.59,86.59,%
2024-11-07T03:14:18+00:00,18.0,71-XY2015,88.33,88.33,%
2024-11-07T03:14:19+00:00,19.0,71-XY2015,88.1,88.10,%
2024-11-07T03:14:20+00:00,20.0,71-XY2015,90.79,90.79,%
2024-11-07T03:14:21+00:00,21.0,71-XY2015,90.07,90.07,%
2024-11-07T03:14:22+00:00,22.0,71-XY2015,90.24,90.24,%
2024-11-07T03:14:23+00:00,23.0,71-XY2015,90.02,90.02,%
2024-11-07T03:14:24+00:00,24.0,71-XY2015,89.49,89.49,%
2024-11-07T03:14:25+00:00,25.0,71-XY2015,89.45,89.45,%
2024-11-07T03:14:26+00:00,26.0,71-XY2015,90.52,90.52,%
2024-11-07T03:14:27+00:00,27.0,71-XY2015,88.67,88.67,%
2024-11-07T03:14:28+00:00,28.0,71-XY2015,88.88,88.88,%
2024-11-07T03:13:45+00:00,-15.0,13-2103PT,50.02,60.02,barg
2024-11-07T03:13:46+00:00,-14.0,13-2103PT,50.98,61.18,barg
2024-11-07T03:13:47+00:00,-13.0,13-2103PT,48.98,58.78,barg
2024-11-07T03:13:48+00:00,-12.0,13-2103PT,50.79,60.95,barg
2024-11-07T03:13:49+00:00,-11.0,13-2103PT,51.19,61.43,barg
2024-11-07T03:13:50+00:00,-10.0,13-2103PT,49.61,59.53,barg
2024-11-07T03:13:51+00:00,-9.0,13-2103PT,49.75,59.70,barg
2024-11-07T03:13:52+00:00,-8.0,13-2103PT,50.55,60.66,barg
2024-11-07T03:13:53+00:00,-7.0,13-2103PT,49.97,59.96,barg
2024-11-07T03:13:54+00:00,-6.0,13-2103PT,51.02,61.22,barg
2024-11-07T03:13:55+00:00,-5.0,13-2103PT,49.9,59.88,barg
2024-11-07T03:13:56+00:00,-4.0,13-2103PT,49.08,58.90,barg
2024-11-07T03:13:57+00:00,-3.0,13-2103PT,50.3,60.36,barg
2024-11-07T03:13:58+00:00,-2.0,13-2103PT,50.99,61.19,barg
2024-11-07T03:13:59+00:00,-1.0,13-2103PT,49.25,59.10,barg
2024-11-07T03:14:00+00:00,0.0,13-2103PT,49.25,59.10,barg
2024-11-07T03:14:01+00:00,1.0,13-2103PT,50.78,60.94,barg
2024-11-07T03:14:02+00:00,2.0,13-2103PT,50.07,60.08,barg
2024-11-07T03:14:03+00:00,3.0,13-2103PT,49.13,58.96,barg
2024-11-07T03:14:04+00:00,4.0,13-2103PT,49.18,59.02,barg
2024-11-07T03:14:05+00:00,5.0,13-2103PT,52.93,63.52,barg
2024-11-07T03:14:06+00:00,6.0,13-2103PT,55.89,67.07,barg
2024-11-07T03:14:07+00:00,7.0,13-2103PT,61.89,74.27,barg
2024-11-07T03:14:08+00:00,8.0,13-2103PT,67.11,80.53,barg
2024-11-07T03:14:09+00:00,9.0,13-2103PT,70.85,85.02,barg
2024-11-07T03:14:10+00:00,10.0,13-2103PT,76.84,92.21,barg
2024-11-07T03:14:11+00:00,11.0,13-2103PT,80.2,96.24,barg
2024-11-07T03:14:12+00:00,12.0,13-2103PT,80.71,96.85,barg
2024-11-07T03:14:13+00:00,13.0,13-2103PT,82.26,98.71,barg
2024-11-07T03:14:14+00:00,14.0,13-2103PT,83.38,100.06,barg
2024-11-07T03:14:15+00:00,15.0,13-2103PT,84.55,101.46,barg
2024-11-07T03:14:16+00:00,16.0,13-2103PT,85.69,102.83,barg
2024-11-07T03:14:17+00:00,17.0,13-2103PT,86.91,104.29,barg
2024-11-07T03:14:18+00:00,18.0,13-2103PT,86.65,103.98,barg
2024-11-07T03:14:19+00:00,19.0,13-2103PT,89.56,107.47,barg
2024-11-07T03:14:20+00:00,20.0,13-2103PT,89.93,107.92,barg
2024-11-07T03:14:21+00:00,21.0,13-2103PT,90.09,108.11,barg
2024-11-07T03:14:22+00:00,22.0,13-2103PT,89.12,106.94,barg
2024-11-07T03:14:23+00:00,23.0,13-2103PT,88.85,106.62,barg
2024-11-07T03:14:24+00:00,24.0,13-2103PT,89.08,106.90,barg
2024-11-07T03:14:25+00:00,25.0,13-2103PT,90.2,108.24,barg
2024-11-07T03:14:26+00:00,26.0,13-2103PT,90.56,108.67,barg
2024-11-07T03:14:27+00:00,27.0,13-2103PT,89.35,107.22,barg
2024-11-07T03:14:28+00:00,28.0,13-2103PT,89.81,107.77,barg
2024-11-07T03:13:45+00:00,-15.0,13-2102PT,49.49,59.39,barg
2024-11-07T03:13:46+00:00,-14.0,13-2102PT,49.04,58.85,barg
2024-11-07T03:13:47+00:00,-13.0,13-2102PT,50.28,60.34,barg
2024-11-07T03:13:48+00:00,-12.0,13-2102PT,50.64,60.77,barg
2024-11-07T03:13:49+00:00,-11.0,13-2102PT,51.11,61.33,barg
2024-11-07T03:13:50+00:00,-10.0,13-2102PT,50.01,60.01,barg
2024-11-07T03:13:51+00:00,-9.0,13-2102PT,50.51,60.61,barg
2024-11-07T03:13:52+00:00,-8.0,13-2102PT,49.75,59.70,barg
2024-11-07T03:13:53+00:00,-7.0,13-2102PT,49.5,59.40,barg
2024-11-07T03:13:54+00:00,-6.0,13-2102PT,49.21,59.05,barg
2024-11-07T03:13:55+00:00,-5.0,13-2102PT,51.09,61.31,barg
2024-11-07T03:13:56+00:00,-4.0,13-2102PT,50.77,60.92,barg
2024-11-07T03:13:57+00:00,-3.0,13-2102PT,49.64,59.57,barg
2024-11-07T03:13:58+00:00,-2.0,13-2102PT,49.37,59.24,barg
2024-11-07T03:13:59+00:00,-1.0,13-2102PT,50.02,60.02,barg
2024-11-07T03:14:00+00:00,0.0,13-2102PT,50.11,60.13,barg
2024-11-07T03:14:01+00:00,1.0,13-2102PT,49.53,59.44,barg
2024-11-07T03:14:02+00:00,2.0,13-2102PT,50.37,60.44,barg
2024-11-07T03:14:03+00:00,3.0,13-2102PT,50.2,60.24,barg
2024-11-07T03:14:04+00:00,4.0,13-2102PT,50.18,60.22,barg
2024-11-07T03:14:05+00:00,5.0,13-2102PT,49.19,59.03,barg
2024-11-07T03:14:06+00:00,6.0,13-2102PT,50.9,61.08,barg
2024-11-07T03:14:07+00:00,7.0,13-2102PT,53.77,64.52,barg
2024-11-07T03:14:08+00:00,8.0,13-2102PT,57.09,68.51,barg
2024-11-07T03:14:09+00:00,9.0,13-2102PT,62.59,75.11,barg
2024-11-07T03:14:10+00:00,10.0,13-2102PT,66.59,79.91,barg
2024-11-07T03:14:11+00:00,11.0,13-2102PT,70.57,84.68,barg
2024-11-07T03:14:12+00:00,12.0,13-2102PT,75.11,90.13,barg
2024-11-07T03:14:13+00:00,13.0,13-2102PT,77.7,93.24,barg
2024-11-07T03:14:14+00:00,14.0,13-2102PT,78.6,94.32,barg
2024-11-07T03:14:15+00:00,15.0,13-2102PT,79.64,95.57,barg
2024-11-07T03:14:16+00:00,16.0,13-2102PT,81.91,98.29,barg
2024-11-07T03:14:17+00:00,17.0,13-2102PT,82.22,98.66,barg
2024-11-07T03:14:18+00:00,18.0,13-2102PT,85.2,102.24,barg
2024-11-07T03:14:19+00:00,19.0,13-2102PT,86.15,103.38,barg
2024-11-07T03:14:20+00:00,20.0,13-2102PT,86.24,103.49,barg
2024-11-07T03:14:21+00:00,21.0,13-2102PT,87.47,104.96,barg
2024-11-07T03:14:22+00:00,22.0,13-2102PT,87.87,105.44,barg
2024-11-07T03:14:23+00:00,23.0,13-2102PT,89.2,107.04,barg
2024-11-07T03:14:24+00:00,24.0,13-2102PT,89.15,106.98,barg
2024-11-07T03:14:25+00:00,25.0,13-2102PT,89.23,107.08,barg
2024-11-07T03:14:26+00:00,26.0,13-2102PT,89.34,107.21,barg
2024-11-07T03:14:27+00:00,27.0,13-2102PT,89.98,107.98,barg
2024-11-07T03:14:28+00:00,28.0,13-2102PT,89.79,107.75,barg
2024-11-07T03:13:45+00:00,-15.0,13-2098PT,49.36,59.23,barg
2024-11-07T03:13:46+00:00,-14.0,13-2098PT,49.08,58.90,barg
2024-11-07T03:13:47+00:00,-13.0,13-2098PT,49.79,59.75,barg
2024-11-07T03:13:48+00:00,-12.0,13-2098PT,49.12,58.94,barg
2024-11-07T03:13:49+00:00,-11.0,13-2098PT,50.94,61.13,barg
2024-11-07T03:13:50+00:00,-10.0,13-2098PT,49.33,59.20,barg
2024-11-07T03:13:51+00:00,-9.0,13-2098PT,49.76,59.71,barg
2024-11-07T03:13:52+00:00,-8.0,13-2098PT,49.53,59.44,barg
2024-11-07T03:13:53+00:00,-7.0,13-2098PT,49.92,59.90,barg
2024-11-07T03:13:54+00:00,-6.0,13-2098PT,50.11,60.13,barg
2024-11-07T03:13:55+00:00,-5.0,13-2098PT,50.31,60.37,barg
2024-11-07T03:13:56+00:00,-4.0,13-2098PT,50.66,60.79,barg
2024-11-07T03:13:57+00:00,-3.0,13-2098PT,49.07,58.88,barg
2024-11-07T03:13:58+00:00,-2.0,13-2098PT,50.35,60.42,barg
2024-11-07T03:13:59+00:00,-1.0,13-2098PT,49.66,59.59,barg
2024-11-07T03:14:00+00:00,0.0,13-2098PT,50.64,60.77,barg
2024-11-07T03:14:01+00:00,1.0,13-2098PT,49.54,59.45,barg
2024-11-07T03:14:02+00:00,2.0,13-2098PT,50.37,60.44,barg
2024-11-07T03:14:03+00:00,3.0,13-2098PT,50.63,60.76,barg
2024-11-07T03:14:04+00:00,4.0,13-2098PT,50.76,60.91,barg
2024-11-07T03:14:05+00:00,5.0,13-2098PT,48.82,58.58,barg
2024-11-07T03:14:06+00:00,6.0,13-2098PT,49.18,59.02,barg
2024-11-07T03:14:07+00:00,7.0,13-2098PT,50.87,61.04,barg
2024-11-07T03:14:08+00:00,8.0,13-2098PT,51.6,61.92,barg
2024-11-07T03:14:09+00:00,9.0,13-2098PT,53.32,63.98,barg
2024-11-07T03:14:10+00:00,10.0,13-2098PT,54.29,65.15,barg
2024-11-07T03:14:11+00:00,11.0,13-2098PT,57.78,69.34,barg
2024-11-07T03:14:12+00:00,12.0,13-2098PT,62.66,75.19,barg
2024-11-07T03:14:13+00:00,13.0,13-2098PT,66.36,79.63,barg
2024-11-07T03:14:14+00:00,14.0,13-2098PT,69.68,83.62,barg
2024-11-07T03:14:15+00:00,15.0,13-2098PT,73.82,88.58,barg
2024-11-07T03:14:16+00:00,16.0,13-2098PT,75.73,90.88,barg
2024-11-07T03:14:17+00:00,17.0,13-2098PT,78.97,94.76,barg
2024-11-07T03:14:18+00:00,18.0,13-2098PT,79.94,95.93,barg
2024-11-07T03:14:19+00:00,19.0,13-2098PT,79.69,95.63,barg
2024-11-07T03:14:20+00:00,20.0,13-2098PT,82.63,99.16,barg
2024-11-07T03:14:21+00:00,21.0,13-2098PT,84.27,101.12,barg
2024-11-07T03:14:22+00:00,22.0,13-2098PT,84.18,101.02,barg
2024-11-07T03:14:23+00:00,23.0,13-2098PT,85.41,102.49,barg
2024-11-07T03:14:24+00:00,24.0,13-2098PT,87.93,105.52,barg
2024-11-07T03:14:25+00:00,25.0,13-2098PT,86.86,104.23,barg
2024-11-07T03:14:26+00:00,26.0,13-2098PT,88.43,106.12,barg
2024-11-07T03:14:27+00:00,27.0,13-2098PT,88.7,106.44,barg
2024-11-07T03:14:28+00:00,28.0,13-2098PT,90.17,108.20,barg
2024-11-07T03:13:45+00:00,-15.0,13-2430PT,50.57,60.68,barg
2024-11-07T03:13:46+00:00,-14.0,13-2430PT,48.99,58.79,barg
2024-11-07T03:13:47+00:00,-13.0,13-2430PT,49.76,59.71,barg
2024-11-07T03:13:48+00:00,-12.0,13-2430PT,50.15,60.18,barg
2024-11-07T03:13:49+00:00,-11.0,13-2430PT,48.99,58.79,barg
2024-11-07T03:13:50+00:00,-10.0,13-2430PT,49.02,58.82,barg
2024-11-07T03:13:51+00:00,-9.0,13-2430PT,49.31,59.17,barg
2024-11-07T03:13:52+00:00,-8.0,13-2430PT,51.13,61.36,barg
2024-11-07T03:13:53+00:00,-7.0,13-2430PT,49.78,59.74,barg
2024-11-07T03:13:54+00:00,-6.0,13-2430PT,49.93,59.92,barg
2024-11-07T03:13:55+00:00,-5.0,13-2430PT,50.87,61.04,barg
2024-11-07T03:13:56+00:00,-4.0,13-2430PT,50.64,60.77,barg
2024-11-07T03:13:57+00:00,-3.0,13-2430PT,49.63,59.56,barg
2024-11-07T03:13:58+00:00,-2.0,13-2430PT,49.39,59.27,barg
2024-11-07T03:13:59+00:00,-1.0,13-2430PT,49.57,59.48,barg
2024-11-07T03:14:00+00:00,0.0,13-2430PT,50.59,60.71,barg
2024-11-07T03:14:01+00:00,1.0,13-2430PT,50.62,60.74,barg
2024-11-07T03:14:02+00:00,2.0,13-2430PT,48.8,58.56,barg
2024-11-07T03:14:03+00:00,3.0,13-2430PT,49.29,59.15,barg
2024-11-07T03:14:04+00:00,4.0,13-2430PT,50.21,60.25,barg
2024-11-07T03:14:05+00:00,5.0,13-2430PT,48.84,58.61,barg
2024-11-07T03:14:06+00:00,6.0,13-2430PT,49.09,58.91,barg
2024-11-07T03:14:07+00:00,7.0,13-2430PT,49.86,59.83,barg
2024-11-07T03:14:08+00:00,8.0,13-2430PT,50.72,60.86,barg
2024-11-07T03:14:09+00:00,9.0,13-2430PT,51.95,62.34,barg
2024-11-07T03:14:10+00:00,10.0,13-2430PT,53.25,63.90,barg
2024-11-07T03:14:11+00:00,11.0,13-2430PT,56.81,68.17,barg
2024-11-07T03:14:12+00:00,12.0,13-2430PT,60.45,72.54,barg
2024-11-07T03:14:13+00:00,13.0,13-2430PT,65.12,78.14,barg
2024-11-07T03:14:14+00:00,14.0,13-2430PT,68.7,82.44,barg
2024-11-07T03:14:15+00:00,15.0,13-2430PT,73.39,88.07,barg
2024-11-07T03:14:16+00:00,16.0,13-2430PT,75.15,90.18,barg
2024-11-07T03:14:17+00:00,17.0,13-2430PT,79.05,94.86,barg
2024-11-07T03:14:18+00:00,18.0,13-2430PT,80.58,96.70,barg
2024-11-07T03:14:19+00:00,19.0,13-2430PT,79.35,95.22,barg
2024-11-07T03:14:20+00:00,20.0,13-2430PT,81.14,97.37,barg
2024-11-07T03:14:21+00:00,21.0,13-2430PT,81.68,98.02,barg
2024-11-07T03:14:22+00:00,22.0,13-2430PT,84.56,101.47,barg
2024-11-07T03:14:23+00:00,23.0,13-2430PT,84.46,101.35,barg
2024-11-07T03:14:24+00:00,24.0,13-2430PT,85.58,102.70,barg
2024-11-07T03:14:25+00:00,25.0,13-2430PT,86.66,103.99,barg
2024-11-07T03:14:26+00:00,26.0,13-2430PT,88.41,106.09,barg
2024-11-07T03:14:27+00:00,27.0,13-2430PT,88.92,106.70,barg
2024-11-07T03:14:28+00:00,28.0,13-2430PT,90.08,108.10,barg
2024-11-07T03:13:45+00:00,-15.0,13-2099PT,50.52,60.62,barg
2024-11-07T03:13:46+00:00,-14.0,13-2099PT,49.55,59.46,barg
2024-11-07T03:13:47+00:00,-13.0,13-2099PT,48.97,58.76,barg
2024-11-07T03:13:48+00:00,-12.0,13-2099PT,50.07,60.08,barg
2024-11-07T03:13:49+00:00,-11.0,13-2099PT,50.88,61.06,barg
2024-11-07T03:13:50+00:00,-10.0,13-2099PT,50.1,60.12,barg
2024-11-07T03:13:51+00:00,-9.0,13-2099PT,50.11,60.13,barg
2024-11-07T03:13:52+00:00,-8.0,13-2099PT,50.34,60.41,barg
2024-11-07T03:13:53+00:00,-7.0,13-2099PT,49.69,59.63,barg
2024-11-07T03:13:54+00:00,-6.0,13-2099PT,49.45,59.34,barg
2024-11-07T03:13:55+00:00,-5.0,13-2099PT,49.74,59.69,barg
2024-11-07T03:13:56+00:00,-4.0,13-2099PT,50.97,61.16,barg
2024-11-07T03:13:57+00:00,-3.0,13-2099PT,48.81,58.57,barg
2024-11-07T03:13:58+00:00,-2.0,13-2099PT,49.66,59.59,barg
2024-11-07T03:13:59+00:00,-1.0,13-2099PT,49.05,58.86,barg
2024-11-07T03:14:00+00:00,0.0,13-2099PT,50.34,60.41,barg
2024-11-07T03:14:01+00:00,1.0,13-2099PT,48.86,58.63,barg
2024-11-07T03:14:02+00:00,2.0,13-2099PT,49.09,58.91,barg
2024-11-07T03:14:03+00:00,3.0,13-2099PT,49.7,59.64,barg
2024-11-07T03:14:04+00:00,4.0,13-2099PT,48.92,58.70,barg
2024-11-07T03:14:05+00:00,5.0,13-2099PT,49.34,59.21,barg
2024-11-07T03:14:06+00:00,6.0,13-2099PT,49.43,59.32,barg
2024-11-07T03:14:07+00:00,7.0,13-2099PT,49.36,59.23,barg
2024-11-07T03:14:08+00:00,8.0,13-2099PT,48.95,58.74,barg
2024-11-07T03:14:09+00:00,9.0,13-2099PT,50.67,60.80,barg
2024-11-07T03:14:10+00:00,10.0,13-2099PT,50.2,60.24,barg
2024-11-07T03:14:11+00:00,11.0,13-2099PT,51.06,61.27,barg
2024-11-07T03:14:12+00:00,12.0,13-2099PT,50.41,60.49,barg
2024-11-07T03:14:13+00:00,13.0,13-2099PT,50.7,60.84,barg
2024-11-07T03:14:14+00:00,14.0,13-2099PT,50.33,60.40,barg
2024-11-07T03:14:15+00:00,15.0,13-2099PT,51.2,61.44,barg
2024-11-07T03:14:16+00:00,16.0,13-2099PT,55.54,66.65,barg
2024-11-07T03:14:17+00:00,17.0,13-2099PT,59.87,71.84,barg
2024-11-07T03:14:18+00:00,18.0,13-2099PT,66.32,79.58,barg
2024-11-07T03:14:19+00:00,19.0,13-2099PT,72.6,87.12,barg
2024-11-07T03:14:20+00:00,20.0,13-2099PT,76.95,92.34,barg
2024-11-07T03:14:21+00:00,21.0,13-2099PT,79.98,95.98,barg
2024-11-07T03:14:22+00:00,22.0,13-2099PT,80.81,96.97,barg
2024-11-07T03:14:23+00:00,23.0,13-2099PT,82.61,99.13,barg
2024-11-07T03:14:24+00:00,24.0,13-2099PT,82.24,98.69,barg
2024-11-07T03:14:25+00:00,25.0,13-2099PT,84.54,101.45,barg
2024-11-07T03:14:26+00:00,26.0,13-2099PT,86.83,104.20,barg
2024-11-07T03:14:27+00:00,27.0,13-2099PT,87.47,104.96,barg
2024-11-07T03:14:28+00:00,28.0,13-2099PT,87.07,104.48,barg
2024-11-07T03:13:45+00:00,-15.0,13-2097PT,49.17,59.00,barg
2024-11-07T03:13:46+00:00,-14.0,13-2097PT,50.06,60.07,barg
2024-11-07T03:13:47+00:00,-13.0,13-2097PT,50.46,60.55,barg
2024-11-07T03:13:48+00:00,-12.0,13-2097PT,50.71,60.85,barg
2024-11-07T03:13:49+00:00,-11.0,13-2097PT,49.53,59.44,barg
2024-11-07T03:13:50+00:00,-10.0,13-2097PT,49.37,59.24,barg
2024-11-07T03:13:51+00:00,-9.0,13-2097PT,50.55,60.66,barg
2024-11-07T03:13:52+00:00,-8.0,13-2097PT,49.22,59.06,barg
2024-11-07T03:13:53+00:00,-7.0,13-2097PT,49.07,58.88,barg
2024-11-07T03:13:54+00:00,-6.0,13-2097PT,50.48,60.58,barg
2024-11-07T03:13:55+00:00,-5.0,13-2097PT,49.04,58.85,barg
2024-11-07T03:13:56+00:00,-4.0,13-2097PT,50.66,60.79,barg
2024-11-07T03:13:57+00:00,-3.0,13-2097PT,49.9,59.88,barg
2024-11-07T03:13:58+00:00,-2.0,13-2097PT,50.27,60.32,barg
2024-11-07T03:13:59+00:00,-1.0,13-2097PT,49.42,59.30,barg
2024-11-07T03:14:00+00:00,0.0,13-2097PT,49.03,58.84,barg
2024-11-07T03:14:01+00:00,1.0,13-2097PT,51.07,61.28,barg
2024-11-07T03:14:02+00:00,2.0,13-2097PT,50.29,60.35,barg
2024-11-07T03:14:03+00:00,3.0,13-2097PT,49.84,59.81,barg
2024-11-07T03:14:04+00:00,4.0,13-2097PT,49.64,59.57,barg
2024-11-07T03:14:05+00:00,5.0,13-2097PT,48.89,58.67,barg
2024-11-07T03:14:06+00:00,6.0,13-2097PT,49.37,59.24,barg
2024-11-07T03:14:07+00:00,7.0,13-2097PT,50.64,60.77,barg
2024-11-07T03:14:08+00:00,8.0,13-2097PT,49.98,59.98,barg
2024-11-07T03:14:09+00:00,9.0,13-2097PT,49.98,59.98,barg
2024-11-07T03:14:10+00:00,10.0,13-2097PT,50.95,61.14,barg
2024-11-07T03:14:11+00:00,11.0,13-2097PT,49.74,59.69,barg
2024-11-07T03:14:12+00:00,12.0,13-2097PT,49.49,59.39,barg
2024-11-07T03:14:13+00:00,13.0,13-2097PT,49.11,58.93,barg
2024-11-07T03:14:14+00:00,14.0,13-2097PT,48.9,58.68,barg
2024-11-07T03:14:15+00:00,15.0,13-2097PT,49.62,59.54,barg
2024-11-07T03:14:16+00:00,16.0,13-2097PT,52.8,63.36,barg
2024-11-07T03:14:17+00:00,17.0,13-2097PT,55.09,66.11,barg
2024-11-07T03:14:18+00:00,18.0,13-2097PT,59.83,71.80,barg
2024-11-07T03:14:19+00:00,19.0,13-2097PT,65.69,78.83,barg
2024-11-07T03:14:20+00:00,20.0,13-2097PT,70.43,84.52,barg
2024-11-07T03:14:21+00:00,21.0,13-2097PT,73.65,88.38,barg
2024-11-07T03:14:22+00:00,22.0,13-2097PT,76.83,92.20,barg
2024-11-07T03:14:23+00:00,23.0,13-2097PT,78.92,94.70,barg
2024-11-07T03:14:24+00:00,24.0,13-2097PT,79.61,95.53,barg
2024-11-07T03:14:25+00:00,25.0,13-2097PT,81.29,97.55,barg
2024-11-07T03:14:26+00:00,26.0,13-2097PT,83.18,99.82,barg
2024-11-07T03:14:27+00:00,27.0,13-2097PT,83.15,99.78,barg
2024-11-07T03:14:28+00:00,28.0,13-2097PT,86.42,103.70,barg
