system,tag,type,status
00,00-PB50B,PB,SCD_ONLY
00,00-TG50B,TG,SCD_ONLY
13,13-JB61,JB,BOTH
13,13-FE2275,FE,PID_ONLY
13,13-FE2278,FE,PID_ONLY
13,13-FI2275A,FI,PID_ONLY
13,13-FI2275B,FI,PID_ONLY
13,13-FI2275C,FI,PID_ONLY
13,13-HS2279,HS,PID_ONLY
13,13-HS2287,HS,PID_ONLY
13,13-HV2264,HV,PID_ONLY
13,13-HV2287,HV,PID_ONLY
13,13-PDI2014,PDI,PID_ONLY
13,13-PDI2260,PDI,PID_ONLY
13,13-PDI2299,PDI,PID_ONLY
13,13-PI2014,PI,PID_ONLY
13,13-PI2254A,PI,PID_ONLY
13,13-PI2254B,PI,PID_ONLY
13,13-PI2255A,PI,PID_ONLY
13,13-PI2255B,PI,PID_ONLY
13,13-PI2256A,PI,PID_ONLY
13,13-PI2256B,PI,PID_ONLY
13,13-PI2260A,PI,PID_ONLY
13,13-PI2260B,PI,PID_ONLY
13,13-PI2262A,PI,PID_ONLY
13,13-PI2262B,PI,PID_ONLY
13,13-PI2265,PI,PID_ONLY
13,13-PI2274,PI,PID_ONLY
13,13-PI2277,PI,PID_ONLY
13,13-PI2282,PI,PID_ONLY
13,13-PI2284,PI,PID_ONLY
13,13-PI2285,PI,PID_ONLY
13,13-PI2286,PI,PID_ONLY
13,13-PT2254,PT,PID_ONLY
13,13-PT2255,PT,PID_ONLY
13,13-PT2256,PT,PID_ONLY
13,13-PT2260,PT,PID_ONLY
13,13-PT2262,PT,PID_ONLY
13,13-PT2265,PT,PID_ONLY
13,13-PT2277,PT,PID_ONLY
13,13-SI2804,SI,PID_ONLY
13,13-SI2805,SI,PID_ONLY
13,13-SI2902,SI,PID_ONLY
13,13-SI3902,SI,PID_ONLY
13,13-SI3903,SI,PID_ONLY
13,13-TI2263,TI,PID_ONLY
13,13-TI2273,TI,PID_ONLY
13,13-TI2280,TI,PID_ONLY
13,13-TI2283,TI,PID_ONLY
13,13-TI2286,TI,PID_ONLY
13,13-TT2263,TT,PID_ONLY
13,13-TT2280,TT,PID_ONLY
13,13-XJ54,XJ,PID_ONLY
13,13-XV2271,XV,PID_ONLY
13,13-XV2272,XV,PID_ONLY
13,13-XV2279,XV,PID_ONLY
13,13-XY2252,XY,PID_ONLY
13,13-XY2253,XY,PID_ONLY
13,13-XY2279,XY,PID_ONLY
13,13-ZL2271,ZL,PID_ONLY
13,13-ZL2272,ZL,PID_ONLY
13,13-ZL2279,ZL,PID_ONLY
13,13-ZL2287,ZL,PID_ONLY
13,13-ZS2264,ZS,PID_ONLY
13,13-ZS2271,ZS,PID_ONLY
13,13-ZS2272,ZS,PID_ONLY
13,13-ZS2279,ZS,PID_ONLY
13,13-ZS2287,ZS,PID_ONLY
13,13-A05,A,SCD_ONLY
13,13-ESV2302,ESV,SCD_ONLY
13,13-ESV2303,ESV,SCD_ONLY
13,13-EY2251,EY,SCD_ONLY
13,13-EY2301,EY,SCD_ONLY
13,13-EY2351,EY,SCD_ONLY
13,13-EY2451,EY,SCD_ONLY
13,13-EY2501,EY,SCD_ONLY
13,13-EY2601,EY,SCD_ONLY
13,13-EY2654,EY,SCD_ONLY
13,13-EY2655,EY,SCD_ONLY
13,13-HS2349A,HS,SCD_ONLY
13,13-HS2350A,HS,SCD_ONLY
13,13-JB50,JB,SCD_ONLY
13,13-JB59,JB,SCD_ONLY
13,13-XJ55,XJ,SCD_ONLY
20,20-PA001,PA,BOTH
20,20-HS2007,HS,PID_ONLY
20,20-HS2008,HS,PID_ONLY
20,20-HS2009,HS,PID_ONLY
20,20-HS2015,HS,PID_ONLY
20,20-HS2202A,HS,PID_ONLY
20,20-HS2202B,HS,PID_ONLY
20,20-LI2005,LI,PID_ONLY
20,20-LIC2200,LIC,PID_ONLY
20,20-LIC2200A,LIC,PID_ONLY
20,20-LIC2200B,LIC,PID_ONLY
20,20-LT2005,LT,PID_ONLY
20,20-LT2200,LT,PID_ONLY
20,20-LV2200A,LV,PID_ONLY
20,20-LV2200B,LV,PID_ONLY
20,20-LY2200A,LY,PID_ONLY
20,20-LY2200B,LY,PID_ONLY
20,20-PI2012,PI,PID_ONLY
20,20-PI2018,PI,PID_ONLY
20,20-PI2019,PI,PID_ONLY
20,20-PI2176,PI,PID_ONLY
20,20-PSE2018,PSE,PID_ONLY
20,20-PSE2019,PSE,PID_ONLY
20,20-PSV2171,PSV,PID_ONLY
20,20-PT2012,PT,PID_ONLY
20,20-PT2018,PT,PID_ONLY
20,20-PT2019,PT,PID_ONLY
20,20-SI2806,SI,PID_ONLY
20,20-SI3003,SI,PID_ONLY
20,20-SI3316,SI,PID_ONLY
20,20-SI3318,SI,PID_ONLY
20,20-SI3701,SI,PID_ONLY
20,20-SI4201,SI,PID_ONLY
20,20-TAHH2060,TAHH,PID_ONLY
20,20-TI2001A,TI,PID_ONLY
20,20-TI2001B,TI,PID_ONLY
20,20-TI2010,TI,PID_ONLY
20,20-TT2001,TT,PID_ONLY
20,20-TT2010,TT,PID_ONLY
20,20-VA50,VA,PID_ONLY
20,20-XV2008,XV,PID_ONLY
20,20-XV2009,XV,PID_ONLY
20,20-XV2015,XV,PID_ONLY
20,20-XV2202A,XV,PID_ONLY
20,20-XV2202B,XV,PID_ONLY
20,20-XY2007,XY,PID_ONLY
20,20-XY2008,XY,PID_ONLY
20,20-XY2009,XY,PID_ONLY
20,20-ZL2007,ZL,PID_ONLY
20,20-ZL2008,ZL,PID_ONLY
20,20-ZL2009,ZL,PID_ONLY
20,20-ZL2015,ZL,PID_ONLY
20,20-ZS2008,ZS,PID_ONLY
20,20-ZS2009,ZS,PID_ONLY
20,20-ZS2015,ZS,PID_ONLY
20,20-HE50,HE,SCD_ONLY
20,20-PV2201,PV,SCD_ONLY
20,20-XY2001,XY,SCD_ONLY
21,21-ESV2152,ESV,PID_ONLY
21,21-VW50,VW,SCD_ONLY
24,24-PA001,PA,BOTH
24,24-AE2060,AE,PID_ONLY
24,24-FV2100,FV,PID_ONLY
24,24-HS2163A,HS,PID_ONLY
24,24-HS2163B,HS,PID_ONLY
24,24-LIC2162,LIC,PID_ONLY
24,24-LIC2162A,LIC,PID_ONLY
24,24-LIC2162B,LIC,PID_ONLY
24,24-LSH2005,LSH,PID_ONLY
24,24-PI2001,PI,PID_ONLY
24,24-PT2001,PT,PID_ONLY
24,24-PT2159,PT,PID_ONLY
24,24-VG50,VG,PID_ONLY
24,24-XV2163A,XV,PID_ONLY
24,24-XV2163B,XV,PID_ONLY
24,24-FT2100,FT,SCD_ONLY
24,24-PE001,PE,SCD_ONLY
24,24-PT2160,PT,SCD_ONLY
24,24-XY2001,XY,SCD_ONLY
24,24-XY2002,XY,SCD_ONLY
26,26-L02,L,SCD_ONLY
27,27-HA50,HA,BOTH
27,27-KA50,KA,BOTH
27,27-PDT4812,PDT,BOTH
27,27-PIC4825A,PIC,BOTH
27,27-PIC4825C,PIC,BOTH
27,27-PT4250A,PT,BOTH
27,27-PT4803,PT,BOTH
27,27-PT4804,PT,BOTH
27,27-PT4805,PT,BOTH
27,27-PT4825,PT,BOTH
27,27-TT4806,TT,BOTH
27,27-TT4820,TT,BOTH
27,27-TT4821,TT,BOTH
27,27-XV4813,XV,BOTH
27,27-XV4814,XV,BOTH
27,27-XV4826,XV,BOTH
27,27-XV4828,XV,BOTH
27,27-CB59,CB,PID_ONLY
27,27-CB60,CB,PID_ONLY
27,27-CB61,CB,PID_ONLY
27,27-CB62,CB,PID_ONLY
27,27-CS51,CS,PID_ONLY
27,27-CX057,CX,PID_ONLY
27,27-CX50,CX,PID_ONLY
27,27-CX54,CX,PID_ONLY
27,27-CX55,CX,PID_ONLY
27,27-CX56,CX,PID_ONLY
27,27-CZ50,CZ,PID_ONLY
27,27-CZ51,CZ,PID_ONLY
27,27-ESV2240,ESV,PID_ONLY
27,27-FE4801,FE,PID_ONLY
27,27-FI4801,FI,PID_ONLY
27,27-FI4807,FI,PID_ONLY
27,27-FIC4810,FIC,PID_ONLY
27,27-FO4827,FO,PID_ONLY
27,27-FO4829,FO,PID_ONLY
27,27-FT4801,FT,PID_ONLY
27,27-FT4807,FT,PID_ONLY
27,27-FT4810,FT,PID_ONLY
27,27-FV4810,FV,PID_ONLY
27,27-FV4811,FV,PID_ONLY
27,27-FY4810,FY,PID_ONLY
27,27-FY4811A,FY,PID_ONLY
27,27-FY4811B,FY,PID_ONLY
27,27-FY4811C,FY,PID_ONLY
27,27-HS4805,HS,PID_ONLY
27,27-HS4811,HS,PID_ONLY
27,27-HS4813,HS,PID_ONLY
27,27-HS4814,HS,PID_ONLY
27,27-HS4826,HS,PID_ONLY
27,27-HS4828,HS,PID_ONLY
27,27-KZ50,KZ,PID_ONLY
27,27-PDI4812,PDI,PID_ONLY
27,27-PI4801,PI,PID_ONLY
27,27-PI4802,PI,PID_ONLY
27,27-PI4804,PI,PID_ONLY
27,27-PI4805,PI,PID_ONLY
27,27-PI4806,PI,PID_ONLY
27,27-PI4807,PI,PID_ONLY
27,27-PI4823,PI,PID_ONLY
27,27-PIC4803,PIC,PID_ONLY
27,27-PIC4809,PIC,PID_ONLY
27,27-PIC4825B,PIC,PID_ONLY
27,27-PSE4254,PSE,PID_ONLY
27,27-PSE4255,PSE,PID_ONLY
27,27-PSE4801A,PSE,PID_ONLY
27,27-PSE4801B,PSE,PID_ONLY
27,27-PSV4809,PSV,PID_ONLY
27,27-PSV4810,PSV,PID_ONLY
27,27-PSV4820,PSV,PID_ONLY
27,27-PT4252A,PT,PID_ONLY
27,27-PT4801,PT,PID_ONLY
27,27-PT4802,PT,PID_ONLY
27,27-PT4806,PT,PID_ONLY
27,27-PT4807,PT,PID_ONLY
27,27-PT4809,PT,PID_ONLY
27,27-PT4823,PT,PID_ONLY
27,27-PV4803,PV,PID_ONLY
27,27-PV4809,PV,PID_ONLY
27,27-PY4803,PY,PID_ONLY
27,27-PY4809,PY,PID_ONLY
27,27-SI4208,SI,PID_ONLY
27,27-SI4214,SI,PID_ONLY
27,27-TA51,TA,PID_ONLY
27,27-TI4803,TI,PID_ONLY
27,27-TI4806,TI,PID_ONLY
27,27-TI4820,TI,PID_ONLY
27,27-TI4821,TI,PID_ONLY
27,27-TIC4808,TIC,PID_ONLY
27,27-TIC4816,TIC,PID_ONLY
27,27-TT4803,TT,PID_ONLY
27,27-TT4808,TT,PID_ONLY
27,27-TT4816,TT,PID_ONLY
27,27-TV4808,TV,PID_ONLY
27,27-TV4816,TV,PID_ONLY
27,27-TY4808,TY,PID_ONLY
27,27-TY4816,TY,PID_ONLY
27,27-XV4805,XV,PID_ONLY
27,27-XY4805,XY,PID_ONLY
27,27-XY4813,XY,PID_ONLY
27,27-XY4814,XY,PID_ONLY
27,27-XY4826,XY,PID_ONLY
27,27-XY4828,XY,PID_ONLY
27,27-ZL4805,ZL,PID_ONLY
27,27-ZL4813,ZL,PID_ONLY
27,27-ZL4814,ZL,PID_ONLY
27,27-ZL4826,ZL,PID_ONLY
27,27-ZL4828,ZL,PID_ONLY
27,27-ZS4805,ZS,PID_ONLY
27,27-ZS4813,ZS,PID_ONLY
27,27-ZS4814,ZS,PID_ONLY
27,27-ZS4826,ZS,PID_ONLY
27,27-ZS4828,ZS,PID_ONLY
27,27-EC52A,EC,SCD_ONLY
27,27-EC52B,EC,SCD_ONLY
27,27-FE52A,FE,SCD_ONLY
27,27-FE52B,FE,SCD_ONLY
27,27-FE53,FE,SCD_ONLY
27,27-FE54,FE,SCD_ONLY
27,27-FE55A,FE,SCD_ONLY
27,27-FE55B,FE,SCD_ONLY
27,27-FE57,FE,SCD_ONLY
27,27-FE58,FE,SCD_ONLY
27,27-FE59,FE,SCD_ONLY
27,27-FE60A,FE,SCD_ONLY
27,27-FE60B,FE,SCD_ONLY
27,27-FT2050,FT,SCD_ONLY
27,27-FT2060,FT,SCD_ONLY
27,27-GK50,GK,SCD_ONLY
27,27-GK51A,GK,SCD_ONLY
27,27-GK51B,GK,SCD_ONLY
27,27-GK52A,GK,SCD_ONLY
27,27-GK52B,GK,SCD_ONLY
27,27-HS4006,HS,SCD_ONLY
27,27-HS4338,HS,SCD_ONLY
27,27-HS4806,HS,SCD_ONLY
27,27-HV2055,HV,SCD_ONLY
27,27-HV2065,HV,SCD_ONLY
27,27-JB50,JB,SCD_ONLY
27,27-JG50,JG,SCD_ONLY
27,27-PA51A,PA,SCD_ONLY
27,27-PA51B,PA,SCD_ONLY
27,27-PIT2051A,PIT,SCD_ONLY
27,27-PIT2061A,PIT,SCD_ONLY
27,27-PT4250B,PT,SCD_ONLY
27,27-PT4552B,PT,SCD_ONLY
27,27-PX50,PX,SCD_ONLY
27,27-TT2054A,TT,SCD_ONLY
27,27-TT2064A,TT,SCD_ONLY
27,27-VW50,VW,SCD_ONLY
27,27-XJ50,XJ,SCD_ONLY
27,27-XJ51,XJ,SCD_ONLY
27,27-ZSH4005,ZSH,SCD_ONLY
42,42-ER50,ER,SCD_ONLY
42,42-FI2216,FI,SCD_ONLY
42,42-FRC2128,FRC,SCD_ONLY
42,42-FV2068,FV,SCD_ONLY
42,42-LI2099,LI,SCD_ONLY
42,42-PB51,PB,SCD_ONLY
42,42-PF52A,PF,SCD_ONLY
42,42-PF52B,PF,SCD_ONLY
42,42-PI2086,PI,SCD_ONLY
42,42-PV2092A,PV,SCD_ONLY
42,42-PV2092B,PV,SCD_ONLY
42,42-PV2126,PV,SCD_ONLY
42,42-TB51,TB,SCD_ONLY
42,42-TB55,TB,SCD_ONLY
42,42-TB56,TB,SCD_ONLY
42,42-VL55,VL,SCD_ONLY
42,42-VL56,VL,SCD_ONLY
43,43-FC50,FC,SCD_ONLY
43,43-LAHH2001,LAHH,SCD_ONLY
43,43-PA50,PA,SCD_ONLY
43,43-PB51,PB,SCD_ONLY
43,43-VD50,VD,SCD_ONLY
45,45-PV4831,PV,BOTH
45,45-XV4804,XV,BOTH
45,45-XV4805,XV,BOTH
45,45-XV4806,XV,BOTH
45,45-FI4810,FI,PID_ONLY
45,45-HS4804,HS,PID_ONLY
45,45-HS4805,HS,PID_ONLY
45,45-PI4810A,PI,PID_ONLY
45,45-PI4810B,PI,PID_ONLY
45,45-PSV4832,PSV,PID_ONLY
45,45-PSV4833,PSV,PID_ONLY
45,45-PT4804,PT,PID_ONLY
45,45-PT4805,PT,PID_ONLY
45,45-PT4831,PT,PID_ONLY
45,45-TI4810A,TI,PID_ONLY
45,45-TI4810B,TI,PID_ONLY
45,45-XJ50,XJ,PID_ONLY
45,45-XW50,XW,PID_ONLY
45,45-XX50,XX,PID_ONLY
45,45-XY4804,XY,PID_ONLY
45,45-XY4805,XY,PID_ONLY
45,45-XY4806,XY,PID_ONLY
45,45-XY4806A,XY,PID_ONLY
45,45-XY4806B,XY,PID_ONLY
45,45-ZL4804,ZL,PID_ONLY
45,45-ZL4805,ZL,PID_ONLY
45,45-ZL4806,ZL,PID_ONLY
45,45-ZS4804,ZS,PID_ONLY
45,45-ZS4805,ZS,PID_ONLY
45,45-ZS4806,ZS,PID_ONLY
45,45-ER54A,ER,SCD_ONLY
45,45-ER54B,ER,SCD_ONLY
45,45-FE54,FE,SCD_ONLY
45,45-FE54A,FE,SCD_ONLY
45,45-FE54B,FE,SCD_ONLY
45,45-FE55,FE,SCD_ONLY
45,45-HS4806,HS,SCD_ONLY
45,45-HS4820,HS,SCD_ONLY
45,45-HS4821,HS,SCD_ONLY
45,45-HS4822,HS,SCD_ONLY
45,45-HS4823,HS,SCD_ONLY
45,45-HS4824,HS,SCD_ONLY
45,45-HS4825,HS,SCD_ONLY
45,45-HS4829,HS,SCD_ONLY
45,45-HS4830,HS,SCD_ONLY
45,45-HV4824,HV,SCD_ONLY
45,45-HV4825,HV,SCD_ONLY
45,45-JB051A,JB,SCD_ONLY
45,45-JB051B,JB,SCD_ONLY
45,45-JX50,JX,SCD_ONLY
45,45-LIC4826,LIC,SCD_ONLY
45,45-LIC4827,LIC,SCD_ONLY
45,45-LIC4828,LIC,SCD_ONLY
45,45-PIC4831,PIC,SCD_ONLY
45,45-TDIC4848,TDIC,SCD_ONLY
45,45-TDIC4850,TDIC,SCD_ONLY
45,45-TI4842,TI,SCD_ONLY
45,45-TI4848,TI,SCD_ONLY
45,45-TI4850,TI,SCD_ONLY
45,45-TIC4848,TIC,SCD_ONLY
45,45-TIC4850,TIC,SCD_ONLY
45,45-TID4850,TID,SCD_ONLY
45,45-XA9101A,XA,SCD_ONLY
45,45-XA9101B,XA,SCD_ONLY
45,45-XA9201,XA,SCD_ONLY
45,45-XA9203,XA,SCD_ONLY
45,45-XL4805,XL,SCD_ONLY
45,45-XV4806A,XV,SCD_ONLY
45,45-XV4820,XV,SCD_ONLY
45,45-XV4822,XV,SCD_ONLY
45,45-XV4823,XV,SCD_ONLY
45,45-XV4829,XV,SCD_ONLY
45,45-XV4830,XV,SCD_ONLY
45,45-XY4845A,XY,SCD_ONLY
45,45-XY4845B,XY,SCD_ONLY
45,45-XY4848,XY,SCD_ONLY
45,45-XY4850,XY,SCD_ONLY
45,45-XY850,XY,SCD_ONLY
45,45-ZSL4809,ZSL,SCD_ONLY
50,50-PA52,PA,BOTH
50,50-TV4816,TV,BOTH
50,50-PSE4801A,PSE,PID_ONLY
50,50-TG51,TG,PID_ONLY
50,50-TV4808,TV,PID_ONLY
50,50-XV4805,XV,PID_ONLY
50,50-FT4807,FT,SCD_ONLY
50,50-FT4810,FT,SCD_ONLY
50,50-FV4810,FV,SCD_ONLY
50,50-PT4802,PT,SCD_ONLY
50,50-PT4804,PT,SCD_ONLY
50,50-PT4806,PT,SCD_ONLY
50,50-PV4809,PV,SCD_ONLY
50,50-TIC4808,TIC,SCD_ONLY
50,50-TT4803,TT,SCD_ONLY
50,50-XS4801,XS,SCD_ONLY
50,50-XY4811,XY,SCD_ONLY
53,53-EC52,EC,SCD_ONLY
53,53-FE052A,FE,SCD_ONLY
53,53-GD50,GD,SCD_ONLY
53,53-II2085,II,SCD_ONLY
53,53-JB50,JB,SCD_ONLY
53,53-KI2085,KI,SCD_ONLY
53,53-PB50,PB,SCD_ONLY
53,53-XY2086,XY,SCD_ONLY
56,56-PH50,PH,SCD_ONLY
62,62-TA50,TA,SCD_ONLY
62,62-XX50,XX,SCD_ONLY
63,63-KC051,KC,BOTH
63,63-HS2005,HS,PID_ONLY
63,63-JX051,JX,PID_ONLY
63,63-JX053,JX,PID_ONLY
63,63-JX057,JX,PID_ONLY
63,63-SI3101,SI,PID_ONLY
63,63-SI3120,SI,PID_ONLY
63,63-SI4218,SI,PID_ONLY
63,63-VX58,VX,PID_ONLY
63,63-XV2005,XV,PID_ONLY
63,63-XY2005,XY,PID_ONLY
63,63-ZL2005,ZL,PID_ONLY
63,63-ZS2005,ZS,PID_ONLY
63,63-EC051,EC,SCD_ONLY
63,63-VK050,VK,SCD_ONLY
63,63-XV4800,XV,SCD_ONLY
63,63-XY4850,XY,SCD_ONLY
64,64-CB51,CB,PID_ONLY
64,64-FI2004A,FI,PID_ONLY
64,64-FT2004,FT,PID_ONLY
64,64-FY2004,FY,PID_ONLY
64,64-HS2002,HS,PID_ONLY
64,64-HS2003,HS,PID_ONLY
64,64-PI2040,PI,PID_ONLY
64,64-PI2043,PI,PID_ONLY
64,64-PSV2044,PSV,PID_ONLY
64,64-PT2002,PT,PID_ONLY
64,64-PT2041,PT,PID_ONLY
64,64-SI3102,SI,PID_ONLY
64,64-SI3121,SI,PID_ONLY
64,64-SI3147,SI,PID_ONLY
64,64-SI4217,SI,PID_ONLY
64,64-VX50,VX,PID_ONLY
64,64-XV2002,XV,PID_ONLY
64,64-XV2003,XV,PID_ONLY
64,64-XX50,XX,PID_ONLY
64,64-XX52,XX,PID_ONLY
64,64-XY2002,XY,PID_ONLY
64,64-XY2003,XY,PID_ONLY
64,64-ZL2002,ZL,PID_ONLY
64,64-ZL2003,ZL,PID_ONLY
64,64-ZS2002,ZS,PID_ONLY
64,64-ZS2003,ZS,PID_ONLY
64,64-CV51A,CV,SCD_ONLY
64,64-CV51B,CV,SCD_ONLY
64,64-FE050,FE,SCD_ONLY
64,64-FE052,FE,SCD_ONLY
64,64-FE52A,FE,SCD_ONLY
64,64-FE52B,FE,SCD_ONLY
64,64-FE53A,FE,SCD_ONLY
64,64-FE53B,FE,SCD_ONLY
64,64-KB50A,KB,SCD_ONLY
64,64-KB50B,KB,SCD_ONLY
64,64-XY4008A,XY,SCD_ONLY
64,64-XY4008B,XY,SCD_ONLY
64,64-XY4013A,XY,SCD_ONLY
64,64-XY4013B,XY,SCD_ONLY
64,64-XY4030A,XY,SCD_ONLY
64,64-XY4030B,XY,SCD_ONLY
64,64-XY4032,XY,SCD_ONLY
64,64-XY4042,XY,SCD_ONLY
65,65-JX42,JX,PID_ONLY
65,65-JX43,JX,PID_ONLY
65,65-JX44,JX,PID_ONLY
65,65-JX45,JX,PID_ONLY
65,65-JX48,JX,PID_ONLY
65,65-JX49,JX,PID_ONLY
65,65-JX50,JX,PID_ONLY
65,65-JX51,JX,PID_ONLY
70,70-XS2002A,XS,SCD_ONLY
70,70-XS2003A,XS,SCD_ONLY
70,70-XS2112B,XS,SCD_ONLY
71,71-FO2002,FO,PID_ONLY
71,71-FO2003,FO,PID_ONLY
71,71-FO2004,FO,PID_ONLY
71,71-FO2005,FO,PID_ONLY
71,71-FO2017,FO,PID_ONLY
71,71-HS2015,HS,PID_ONLY
71,71-HS2016,HS,PID_ONLY
71,71-HV2015,HV,PID_ONLY
71,71-HV2016,HV,PID_ONLY
71,71-PI2006,PI,PID_ONLY
71,71-PI2012,PI,PID_ONLY
71,71-PI2013,PI,PID_ONLY
71,71-PI2015,PI,PID_ONLY
71,71-PI2016,PI,PID_ONLY
71,71-PSV2015,PSV,PID_ONLY
71,71-PSV2016,PSV,PID_ONLY
71,71-PT2014,PT,PID_ONLY
71,71-SI3103,SI,PID_ONLY
71,71-SI3203,SI,PID_ONLY
71,71-SM056,SM,PID_ONLY
71,71-SM50,SM,PID_ONLY
71,71-SM51A,SM,PID_ONLY
71,71-SM51B,SM,PID_ONLY
71,71-SM52A,SM,PID_ONLY
71,71-SM52B,SM,PID_ONLY
71,71-SM52C,SM,PID_ONLY
71,71-SM52D,SM,PID_ONLY
71,71-SM52E,SM,PID_ONLY
71,71-SM52F,SM,PID_ONLY
71,71-SM52G,SM,PID_ONLY
71,71-SM52H,SM,PID_ONLY
71,71-SM52J,SM,PID_ONLY
71,71-SM52K,SM,PID_ONLY
71,71-SM52L,SM,PID_ONLY
71,71-SM52M,SM,PID_ONLY
71,71-SM52N,SM,PID_ONLY
71,71-SM53A,SM,PID_ONLY
71,71-SM53B,SM,PID_ONLY
71,71-SM53C,SM,PID_ONLY
71,71-SM53D,SM,PID_ONLY
71,71-VW015,VW,PID_ONLY
71,71-VW016,VW,PID_ONLY
71,71-XY2015,XY,PID_ONLY
71,71-FE067,FE,SCD_ONLY
71,71-GK102A,GK,SCD_ONLY
71,71-XS2051,XS,SCD_ONLY
71,71-XS2051A,XS,SCD_ONLY
71,71-XS2051B,XS,SCD_ONLY
72,72-CX50,CX,PID_ONLY
73,73-EC50,EC,SCD_ONLY
73,73-MA50,MA,SCD_ONLY
74,74-EC50,EC,SCD_ONLY
74,74-FE94,FE,SCD_ONLY
75,75-SK50,SK,PID_ONLY
75,75-SK51,SK,PID_ONLY
76,76-CT50,CT,SCD_ONLY
76,76-ET054,ET,SCD_ONLY
76,76-ET53,ET,SCD_ONLY
76,76-MB50,MB,SCD_ONLY
77,77-GA53,GA,PID_ONLY
77,77-EC50,EC,SCD_ONLY
77,77-FE101,FE,SCD_ONLY
77,77-FE103,FE,SCD_ONLY
77,77-FE110,FE,SCD_ONLY
77,77-GE103,GE,SCD_ONLY
77,77-GE153,GE,SCD_ONLY
77,77-GE158,GE,SCD_ONLY
77,77-GJ50,GJ,SCD_ONLY
77,77-GJ56,GJ,SCD_ONLY
77,77-GJ57,GJ,SCD_ONLY
77,77-GK102A,GK,SCD_ONLY
77,77-GK102B,GK,SCD_ONLY
77,77-GK110A,GK,SCD_ONLY
77,77-GK110B,GK,SCD_ONLY
77,77-GK50A,GK,SCD_ONLY
77,77-GK50B,GK,SCD_ONLY
77,77-GK52B,GK,SCD_ONLY
77,77-GK71A,GK,SCD_ONLY
77,77-GK71B,GK,SCD_ONLY
77,77-GK81A,GK,SCD_ONLY
77,77-GK81B,GK,SCD_ONLY
77,77-GK82A,GK,SCD_ONLY
77,77-GK82B,GK,SCD_ONLY
77,77-GS085,GS,SCD_ONLY
77,77-GS086,GS,SCD_ONLY
77,77-GS087,GS,SCD_ONLY
77,77-GS71,GS,SCD_ONLY
77,77-GS72,GS,SCD_ONLY
77,77-GS73,GS,SCD_ONLY
77,77-GS74,GS,SCD_ONLY
77,77-GS81,GS,SCD_ONLY
77,77-GS82,GS,SCD_ONLY
77,77-GS83,GS,SCD_ONLY
77,77-GS84,GS,SCD_ONLY
77,77-GX110,GX,SCD_ONLY
77,77-HS9000H,HS,SCD_ONLY
77,77-HS9100L,HS,SCD_ONLY
77,77-HS9200L,HS,SCD_ONLY
77,77-TV2004,TV,SCD_ONLY
77,77-XA9101,XA,SCD_ONLY
77,77-XA9102,XA,SCD_ONLY
77,77-XA9103,XA,SCD_ONLY
77,77-XA9104,XA,SCD_ONLY
77,77-XA9201,XA,SCD_ONLY
77,77-XA9202,XA,SCD_ONLY
77,77-XA9203,XA,SCD_ONLY
77,77-XA9204,XA,SCD_ONLY
77,77-XA9205,XA,SCD_ONLY
77,77-XA9206,XA,SCD_ONLY
77,77-XA9207,XA,SCD_ONLY
77,77-XY2003,XY,SCD_ONLY
77,77-XY2018,XY,SCD_ONLY
77,77-XY2019,XY,SCD_ONLY
77,77-XY2031,XY,SCD_ONLY
77,77-XY2032,XY,SCD_ONLY
77,77-XY2050,XY,SCD_ONLY
77,77-XY2075,XY,SCD_ONLY
77,77-XY2076,XY,SCD_ONLY
77,77-XY2077,XY,SCD_ONLY
77,77-XY2078,XY,SCD_ONLY
77,77-XY2079,XY,SCD_ONLY
77,77-XY2081,XY,SCD_ONLY
77,77-XY2082,XY,SCD_ONLY
77,77-XY2088,XY,SCD_ONLY
77,77-ZSL2013,ZSL,SCD_ONLY
77,77-ZSL2014,ZSL,SCD_ONLY
77,77-ZSL2016,ZSL,SCD_ONLY
77,77-ZSL2017,ZSL,SCD_ONLY
77,77-ZSL4087,ZSL,SCD_ONLY
77,77-ZSL4089,ZSL,SCD_ONLY
79,79-EY2032A,EY,SCD_ONLY
79,79-EY2037A,EY,SCD_ONLY
79,79-EY2037B,EY,SCD_ONLY
79,79-EY2038B,EY,SCD_ONLY
79,79-EY2109,EY,SCD_ONLY
79,79-EY2110,EY,SCD_ONLY
79,79-EY463,EY,SCD_ONLY
79,79-HL2015H,HL,SCD_ONLY
79,79-HL2015V,HL,SCD_ONLY
79,79-JB50,JB,SCD_ONLY
79,79-JG54,JG,SCD_ONLY
79,79-UZS4513,UZS,SCD_ONLY
81,81-EG50,EG,PID_ONLY
81,81-EC50,EC,SCD_ONLY
81,81-EM50,EM,SCD_ONLY
81,81-FE50,FE,SCD_ONLY
81,81-FE51,FE,SCD_ONLY
82,82-GG51A,GG,PID_ONLY
82,82-GG51B,GG,PID_ONLY
82,82-HS2612,HS,PID_ONLY
82,82-HS2812,HS,PID_ONLY
82,82-LI2615,LI,PID_ONLY
82,82-LI2616,LI,PID_ONLY
82,82-LT2615,LT,PID_ONLY
82,82-LT2616,LT,PID_ONLY
82,82-PDI2569,PDI,PID_ONLY
82,82-PI2552,PI,PID_ONLY
82,82-PI2672,PI,PID_ONLY
82,82-PSE2044,PSE,PID_ONLY
82,82-PSE2045,PSE,PID_ONLY
82,82-PT2552,PT,PID_ONLY
82,82-PT2672,PT,PID_ONLY
82,82-SI3122,SI,PID_ONLY
82,82-SI3123,SI,PID_ONLY
82,82-SI3124,SI,PID_ONLY
82,82-SI3150,SI,PID_ONLY
82,82-SI4001,SI,PID_ONLY
82,82-SI4002,SI,PID_ONLY
82,82-SI4029,SI,PID_ONLY
82,82-SI4030,SI,PID_ONLY
82,82-SI4041,SI,PID_ONLY
82,82-SI4042,SI,PID_ONLY
82,82-SI4043,SI,PID_ONLY
82,82-SI4044,SI,PID_ONLY
82,82-SI4068,SI,PID_ONLY
82,82-SI4296,SI,PID_ONLY
82,82-SI4297,SI,PID_ONLY
82,82-TI2582,TI,PID_ONLY
82,82-TI2583,TI,PID_ONLY
82,82-TI2584,TI,PID_ONLY
82,82-TT2583,TT,PID_ONLY
82,82-TT2584,TT,PID_ONLY
82,82-XA50A,XA,PID_ONLY
82,82-XA50B,XA,PID_ONLY
82,82-XV2013,XV,PID_ONLY
82,82-XV2612,XV,PID_ONLY
82,82-XV2812,XV,PID_ONLY
82,82-XY2012,XY,PID_ONLY
82,82-XY2013,XY,PID_ONLY
82,82-XY2612,XY,PID_ONLY
82,82-XY2812,XY,PID_ONLY
82,82-ZL2012,ZL,PID_ONLY
82,82-ZL2013,ZL,PID_ONLY
82,82-ZL2612,ZL,PID_ONLY
82,82-ZL2812,ZL,PID_ONLY
82,82-ZS2013,ZS,PID_ONLY
82,82-ZS2612,ZS,PID_ONLY
82,82-ZS2812,ZS,PID_ONLY
82,82-EG50A,EG,SCD_ONLY
82,82-EG50B,EG,SCD_ONLY
82,82-EL40,EL,SCD_ONLY
82,82-EL41,EL,SCD_ONLY
82,82-EL50,EL,SCD_ONLY
82,82-EL51,EL,SCD_ONLY
82,82-EL52,EL,SCD_ONLY
82,82-EL53,EL,SCD_ONLY
82,82-EL54,EL,SCD_ONLY
82,82-EL55,EL,SCD_ONLY
82,82-EL58,EL,SCD_ONLY
82,82-EL59,EL,SCD_ONLY
82,82-EL60,EL,SCD_ONLY
82,82-EN52,EN,SCD_ONLY
82,82-EN53,EN,SCD_ONLY
82,82-EN55,EN,SCD_ONLY
82,82-EN56,EN,SCD_ONLY
82,82-II2061,II,SCD_ONLY
82,82-II4864,II,SCD_ONLY
82,82-XA4880,XA,SCD_ONLY
82,82-XA4881,XA,SCD_ONLY
82,82-XA4882,XA,SCD_ONLY
82,82-XA4883,XA,SCD_ONLY
82,82-XA4884,XA,SCD_ONLY
82,82-XA4885,XA,SCD_ONLY
82,82-XA4886,XA,SCD_ONLY
82,82-XA4887,XA,SCD_ONLY
82,82-XA4888,XA,SCD_ONLY
82,82-XA4889,XA,SCD_ONLY
82,82-XA4890,XA,SCD_ONLY
82,82-XA4891,XA,SCD_ONLY
82,82-XA4892,XA,SCD_ONLY
82,82-XA4893,XA,SCD_ONLY
82,82-XA4894,XA,SCD_ONLY
82,82-XSH2002A,XSH,SCD_ONLY
82,82-XSH2002B,XSH,SCD_ONLY
82,82-XSL2002A,XSL,SCD_ONLY
82,82-XSL2002B,XSL,SCD_ONLY
82,82-XY2021,XY,SCD_ONLY
82,82-XY2061,XY,SCD_ONLY
82,82-XY2062,XY,SCD_ONLY
82,82-XY2063,XY,SCD_ONLY
82,82-XY4853,XY,SCD_ONLY
82,82-XY4854,XY,SCD_ONLY
82,82-XY4855,XY,SCD_ONLY
82,82-XY4859,XY,SCD_ONLY
82,82-XY4861,XY,SCD_ONLY
82,82-XY4862,XY,SCD_ONLY
82,82-XY4864,XY,SCD_ONLY
82,82-XY4865,XY,SCD_ONLY
85,85-ED51,ED,SCD_ONLY
85,85-ED53,ED,SCD_ONLY
85,85-EE40A,EE,SCD_ONLY
85,85-EE40B,EE,SCD_ONLY
85,85-EE41A,EE,SCD_ONLY
85,85-EE41B,EE,SCD_ONLY
85,85-EE42,EE,SCD_ONLY
85,85-EE43,EE,SCD_ONLY
85,85-EE44,EE,SCD_ONLY
85,85-EE45,EE,SCD_ONLY
85,85-EE47,EE,SCD_ONLY
85,85-EE50,EE,SCD_ONLY
85,85-EE51A,EE,SCD_ONLY
85,85-EE51B,EE,SCD_ONLY
85,85-EE52A,EE,SCD_ONLY
85,85-EE52B,EE,SCD_ONLY
85,85-EE55B,EE,SCD_ONLY
85,85-ER20,ER,SCD_ONLY
85,85-ER40A,ER,SCD_ONLY
85,85-ER40B,ER,SCD_ONLY
85,85-ER50,ER,SCD_ONLY
85,85-ER51,ER,SCD_ONLY
85,85-ER52,ER,SCD_ONLY
85,85-ET40A,ET,SCD_ONLY
85,85-ET40B,ET,SCD_ONLY
85,85-ET50,ET,SCD_ONLY
85,85-EY2001A,EY,SCD_ONLY
85,85-EY2001B,EY,SCD_ONLY
85,85-EZ40A,EZ,SCD_ONLY
85,85-EZ40B,EZ,SCD_ONLY
85,85-EZ50,EZ,SCD_ONLY
85,85-EZ51,EZ,SCD_ONLY
85,85-EZ52,EZ,SCD_ONLY
85,85-XY4868A,XY,SCD_ONLY
85,85-XY4868B,XY,SCD_ONLY
85,85-XY4870,XY,SCD_ONLY
85,85-XY4871A,XY,SCD_ONLY
85,85-XY4871B,XY,SCD_ONLY
86,86-JC083,JC,SCD_ONLY
86,86-JC084,JC,SCD_ONLY
86,86-JC71A,JC,SCD_ONLY
87,87-FE050,FE,SCD_ONLY
87,87-JB54,JB,SCD_ONLY
87,87-JG50,JG,SCD_ONLY
87,87-JG54,JG,SCD_ONLY
87,87-JG56,JG,SCD_ONLY
87,87-JG58,JG,SCD_ONLY
?,?-FIC2000,?,PID_ONLY
?,?-FIC2100,?,PID_ONLY
?,?-FT2000,?,PID_ONLY
?,?-FT2100,?,PID_ONLY
?,?-FV2000,?,PID_ONLY
?,?-FV2100,?,PID_ONLY
?,?-FY2000,?,PID_ONLY
?,?-FY2100,?,PID_ONLY
?,?-HS2163,?,PID_ONLY
?,?-HS2202,?,PID_ONLY
?,?-LV2162A,?,PID_ONLY
?,?-LV2162B,?,PID_ONLY
?,?-LV2200A,?,PID_ONLY
?,?-LV2200B,?,PID_ONLY
?,?-PDI2001,?,PID_ONLY
?,?-PI2015,?,PID_ONLY
?,?-PI2016,?,PID_ONLY
?,?-PI2159,?,PID_ONLY
?,?-PI2160,?,PID_ONLY
?,?-PT2016,?,PID_ONLY
?,?-PT2159,?,PID_ONLY
?,?-PT2160,?,PID_ONLY
?,?-TI2060,?,PID_ONLY
?,?-TT2060,?,PID_ONLY
?,?-XV2163A,?,PID_ONLY
?,?-XV2163B,?,PID_ONLY
?,?-XV2202A,?,PID_ONLY
?,?-XV2202B,?,PID_ONLY
?,?-XY2163A,?,PID_ONLY
?,?-XY2163B,?,PID_ONLY
?,?-XY2202A,?,PID_ONLY
?,?-XY2202B,?,PID_ONLY
?,?-ZL2163A,?,PID_ONLY
?,?-ZL2163B,?,PID_ONLY
?,?-ZL2202A,?,PID_ONLY
?,?-ZL2202B,?,PID_ONLY
?,?-ZS2163A,?,PID_ONLY
?,?-ZS2163B,?,PID_ONLY
?,?-ZS2202A,?,PID_ONLY
?,?-ZS2202B,?,PID_ONLY
