tag,system,type,category,status,n_pid,n_scd,pid_files,scd_files
00-HS2015H,00,HS,hand_switch,SCD_ONLY,0,1,,C025-W-HO00-J-_E-040-01.PDF
00-HS79,00,HS,hand_switch,SCD_ONLY,0,1,,C025-W-HO00-J-_E-040-01.PDF
00-LSL20,00,LSL,other,SCD_ONLY,0,1,,C025-W-HO00-J-_E-030-01.PDF
00-PB50B,00,PB,other,SCD_ONLY,0,1,,C025-W-HO00-J-_E-030-01.PDF
00-TG50B,00,TG,other,SCD_ONLY,0,1,,C025-W-HO00-J-_E-030-01.PDF
00-TT5010,00,TT,transmitter,SCD_ONLY,0,1,,C025-W-HO00-J-_E-021-01.PDF
00-TT6212,00,TT,transmitter,SCD_ONLY,0,1,,C025-W-HO00-J-_E-021-01.PDF
00-TT7212,00,TT,transmitter,SCD_ONLY,0,1,,C025-W-HO00-J-_E-021-01.PDF
00-TT8022,00,TT,transmitter,SCD_ONLY,0,1,,C025-W-HO00-J-_E-021-01.PDF
00-TT8302,00,TT,transmitter,SCD_ONLY,0,1,,C025-W-HO00-J-_E-021-01.PDF
00-XY20,00,XY,relay,SCD_ONLY,0,1,,C025-W-HO00-J-_E-040-01.PDF
00-XY2014F,00,XY,relay,SCD_ONLY,0,1,,C025-W-HO00-J-_E-030-01.PDF
00-XY2215,00,XY,relay,SCD_ONLY,0,1,,C025-W-HO00-J-_E-040-01.PDF
00-XY2216,00,XY,relay,SCD_ONLY,0,1,,C025-W-HO00-J-_E-040-01.PDF
00-ZS00,00,ZS,position_switch,SCD_ONLY,0,1,,C025-W-HO00-J-_E-030-01.PDF
13-2010PT,13,PT,transmitter,PID_ONLY,1,0,C025-W-HO13-P-_E-004-01.PDF,
13-2024PT,13,PT,transmitter,PID_ONLY,1,0,C025-W-HO13-P-_E-004-01.PDF,
13-2025PT,13,PT,transmitter,PID_ONLY,1,0,C025-W-HO13-P-_E-004-01.PDF,
13-2077PT,13,PT,transmitter,PID_ONLY,1,0,C025-W-HO13-P-_E-004-01.PDF,
13-2094PT,13,PT,transmitter,PID_ONLY,1,0,C025-W-HO13-P-_E-004-01.PDF,
13-2104PT,13,PT,transmitter,PID_ONLY,1,0,C025-W-HO20-P-_E-001-01.PDF,
13-2125PT,13,PT,transmitter,PID_ONLY,1,0,C025-W-HO13-P-_E-004-01.PDF,
13-2156PT,13,PT,transmitter,PID_ONLY,1,0,C025-W-HO13-P-_E-004-01.PDF,
13-2386PT,13,PT,transmitter,PID_ONLY,1,0,C025-W-HO13-P-_E-004-01.PDF,
13-2392PT,13,PT,transmitter,PID_ONLY,1,0,C025-W-HO13-P-_E-004-01.PDF,
13-2395PT,13,PT,transmitter,PID_ONLY,1,0,C025-W-HO13-P-_E-004-01.PDF,
13-2398PT,13,PT,transmitter,PID_ONLY,1,0,C025-W-HO13-P-_E-004-01.PDF,
13-2423PT,13,PT,transmitter,PID_ONLY,1,0,C025-W-HO13-P-_E-004-01.PDF,
13-2424PT,13,PT,transmitter,PID_ONLY,1,0,C025-W-HO13-P-_E-004-01.PDF,
13-2425PT,13,PT,transmitter,PID_ONLY,1,0,C025-W-HO13-P-_E-004-01.PDF,
13-2429PT,13,PT,transmitter,PID_ONLY,1,0,C025-W-HO13-P-_E-004-01.PDF,
13-2430PT,13,PT,transmitter,PID_ONLY,1,0,C025-W-HO13-P-_E-004-01.PDF,
13-2431PT,13,PT,transmitter,PID_ONLY,1,0,C025-W-HO13-P-_E-004-01.PDF,
13-2442PT,13,PT,transmitter,PID_ONLY,1,0,C025-W-HO13-P-_E-004-01.PDF,
13-2443PT,13,PT,transmitter,PID_ONLY,1,0,C025-W-HO13-P-_E-004-01.PDF,
13-2444PT,13,PT,transmitter,PID_ONLY,1,0,C025-W-HO13-P-_E-004-01.PDF,
13-2445PT,13,PT,transmitter,PID_ONLY,1,0,C025-W-HO13-P-_E-004-01.PDF,
13-2446PT,13,PT,transmitter,PID_ONLY,1,0,C025-W-HO13-P-_E-004-01.PDF,
13-2447PT,13,PT,transmitter,PID_ONLY,1,0,C025-W-HO13-P-_E-004-01.PDF,
13-2448PT,13,PT,transmitter,PID_ONLY,1,0,C025-W-HO13-P-_E-004-01.PDF,
13-ESV2302,13,ESV,other,SCD_ONLY,0,2,,C025-W-HO13-J-_E-001-01.PDF;C025-W-HO13-J-_E-002-01.PDF
13-ESV2303,13,ESV,other,SCD_ONLY,0,1,,C025-W-HO13-J-_E-001-01.PDF
13-EY2251,13,EY,other,SCD_ONLY,0,1,,C025-W-HO00-J-_E-020-01.PDF
13-EY2301,13,EY,other,SCD_ONLY,0,1,,C025-W-HO00-J-_E-020-01.PDF
13-EY2351,13,EY,other,SCD_ONLY,0,1,,C025-W-HO00-J-_E-020-01.PDF
13-EY2451,13,EY,other,SCD_ONLY,0,1,,C025-W-HO00-J-_E-020-01.PDF
13-EY2501,13,EY,other,SCD_ONLY,0,1,,C025-W-HO00-J-_E-020-01.PDF
13-EY2601,13,EY,other,SCD_ONLY,0,1,,C025-W-HO00-J-_E-020-01.PDF
13-EY2654,13,EY,other,SCD_ONLY,0,2,,C025-W-HO00-J-_E-020-01.PDF;C025-W-HO13-J-_E-002-01.PDF
13-EY2655,13,EY,other,SCD_ONLY,0,2,,C025-W-HO00-J-_E-020-01.PDF;C025-W-HO13-J-_E-002-01.PDF
13-FI2275A,13,FI,indicator,PID_ONLY,1,0,C025-W-HO13-P-_E-004-01.PDF,
13-FI2275B,13,FI,indicator,PID_ONLY,1,0,C025-W-HO13-P-_E-004-01.PDF,
13-FI2275C,13,FI,indicator,PID_ONLY,1,0,C025-W-HO13-P-_E-004-01.PDF,
13-HS2002,13,HS,hand_switch,SCD_ONLY,0,1,,C025-W-HO13-J-_E-001-01.PDF
13-HS2279,13,HS,hand_switch,PID_ONLY,1,0,C025-W-HO13-P-_E-004-01.PDF,
13-HS2287,13,HS,hand_switch,PID_ONLY,1,0,C025-W-HO13-P-_E-004-01.PDF,
13-HS2303,13,HS,hand_switch,SCD_ONLY,0,1,,C025-W-HO13-J-_E-002-01.PDF
13-HS2349A,13,HS,hand_switch,SCD_ONLY,0,1,,C025-W-HO13-J-_E-002-01.PDF
13-HS2349B,13,HS,hand_switch,SCD_ONLY,0,1,,C025-W-HO13-J-_E-002-01.PDF
13-HS2350A,13,HS,hand_switch,SCD_ONLY,0,1,,C025-W-HO13-J-_E-002-01.PDF
13-HS2350B,13,HS,hand_switch,SCD_ONLY,0,1,,C025-W-HO13-J-_E-002-01.PDF
13-JB50,13,JB,other,SCD_ONLY,0,1,,C025-W-HO13-J-_E-002-01.PDF
13-JB59,13,JB,other,SCD_ONLY,0,1,,C025-W-HO85-J-_E-001-01.PDF
13-JB61,13,JB,other,BOTH,1,1,C025-W-HO13-P-_E-004-01.PDF,C025-W-HO13-J-_E-002-01.PDF
13-LSL02,13,LSL,other,SCD_ONLY,0,1,,C025-W-HO13-J-_E-002-01.PDF
13-LSL05,13,LSL,other,SCD_ONLY,0,2,,C025-W-HO13-J-_E-001-01.PDF;C025-W-HO13-J-_E-002-01.PDF
13-LSL09,13,LSL,other,SCD_ONLY,0,1,,C025-W-HO13-J-_E-001-01.PDF
13-LSL2303,13,LSL,other,SCD_ONLY,0,1,,C025-W-HO13-J-_E-002-01.PDF
13-PDI2014,13,PDI,indicator,PID_ONLY,1,0,C025-W-HO13-P-_E-004-01.PDF,
13-PDI2260,13,PDI,indicator,PID_ONLY,1,0,C025-W-HO13-P-_E-004-01.PDF,
13-PDI2299,13,PDI,indicator,PID_ONLY,1,0,C025-W-HO13-P-_E-004-01.PDF,
13-PI13,13,PI,indicator,SCD_ONLY,0,1,,C025-W-HO13-J-_E-001-01.PDF
13-PI2014,13,PI,indicator,PID_ONLY,1,0,C025-W-HO13-P-_E-004-01.PDF,
13-PI2254A,13,PI,indicator,PID_ONLY,1,0,C025-W-HO13-P-_E-004-01.PDF,
13-PI2254B,13,PI,indicator,PID_ONLY,1,0,C025-W-HO13-P-_E-004-01.PDF,
13-PI2255A,13,PI,indicator,PID_ONLY,1,0,C025-W-HO13-P-_E-004-01.PDF,
13-PI2255B,13,PI,indicator,PID_ONLY,1,0,C025-W-HO13-P-_E-004-01.PDF,
13-PI2256A,13,PI,indicator,PID_ONLY,1,0,C025-W-HO13-P-_E-004-01.PDF,
13-PI2256B,13,PI,indicator,PID_ONLY,1,0,C025-W-HO13-P-_E-004-01.PDF,
13-PI2260A,13,PI,indicator,PID_ONLY,1,0,C025-W-HO13-P-_E-004-01.PDF,
13-PI2260B,13,PI,indicator,PID_ONLY,1,0,C025-W-HO13-P-_E-004-01.PDF,
13-PI2262A,13,PI,indicator,PID_ONLY,1,0,C025-W-HO13-P-_E-004-01.PDF,
13-PI2262B,13,PI,indicator,PID_ONLY,1,0,C025-W-HO13-P-_E-004-01.PDF,
13-PI2265,13,PI,indicator,PID_ONLY,1,0,C025-W-HO13-P-_E-004-01.PDF,
13-PI2274,13,PI,indicator,PID_ONLY,1,0,C025-W-HO13-P-_E-004-01.PDF,
13-PI2277,13,PI,indicator,PID_ONLY,1,0,C025-W-HO13-P-_E-004-01.PDF,
13-PI2282,13,PI,indicator,PID_ONLY,1,0,C025-W-HO13-P-_E-004-01.PDF,
13-PI2284,13,PI,indicator,PID_ONLY,1,0,C025-W-HO13-P-_E-004-01.PDF,
13-PI2285,13,PI,indicator,PID_ONLY,1,0,C025-W-HO13-P-_E-004-01.PDF,
13-PI2286,13,PI,indicator,PID_ONLY,1,0,C025-W-HO13-P-_E-004-01.PDF,
13-PI2324,13,PI,indicator,SCD_ONLY,0,1,,C025-W-HO13-J-_E-001-01.PDF
13-PT2254,13,PT,transmitter,PID_ONLY,1,0,C025-W-HO13-P-_E-004-01.PDF,
13-PT2255,13,PT,transmitter,PID_ONLY,1,0,C025-W-HO13-P-_E-004-01.PDF,
13-PT2256,13,PT,transmitter,PID_ONLY,1,0,C025-W-HO13-P-_E-004-01.PDF,
13-PT2260,13,PT,transmitter,PID_ONLY,1,0,C025-W-HO13-P-_E-004-01.PDF,
13-PT2262,13,PT,transmitter,PID_ONLY,1,0,C025-W-HO13-P-_E-004-01.PDF,
13-PT2265,13,PT,transmitter,PID_ONLY,1,0,C025-W-HO13-P-_E-004-01.PDF,
13-PT2277,13,PT,transmitter,PID_ONLY,1,0,C025-W-HO13-P-_E-004-01.PDF,
13-TI2263,13,TI,indicator,PID_ONLY,1,0,C025-W-HO13-P-_E-004-01.PDF,
13-TI2273,13,TI,indicator,PID_ONLY,1,0,C025-W-HO13-P-_E-004-01.PDF,
13-TI2280,13,TI,indicator,PID_ONLY,1,0,C025-W-HO13-P-_E-004-01.PDF,
13-TI2283,13,TI,indicator,PID_ONLY,1,0,C025-W-HO13-P-_E-004-01.PDF,
13-TI2286,13,TI,indicator,PID_ONLY,1,0,C025-W-HO13-P-_E-004-01.PDF,
13-TI2313,13,TI,indicator,SCD_ONLY,0,1,,C025-W-HO13-J-_E-001-01.PDF
13-TT2263,13,TT,transmitter,PID_ONLY,1,0,C025-W-HO13-P-_E-004-01.PDF,
13-TT2280,13,TT,transmitter,PID_ONLY,1,0,C025-W-HO13-P-_E-004-01.PDF,
13-XJ54,13,XJ,other,PID_ONLY,1,0,C025-W-HO13-P-_E-004-01.PDF,
13-XJ55,13,XJ,other,SCD_ONLY,0,1,,C025-W-HO13-J-_E-001-01.PDF
13-XV2271,13,XV,shutdown_valve,PID_ONLY,1,0,C025-W-HO13-P-_E-004-01.PDF,
13-XV2272,13,XV,shutdown_valve,PID_ONLY,1,0,C025-W-HO13-P-_E-004-01.PDF,
13-XV2279,13,XV,shutdown_valve,PID_ONLY,1,0,C025-W-HO13-P-_E-004-01.PDF,
13-XY2252,13,XY,relay,PID_ONLY,1,0,C025-W-HO13-P-_E-004-01.PDF,
13-XY2253,13,XY,relay,PID_ONLY,1,0,C025-W-HO13-P-_E-004-01.PDF,
13-XY2279,13,XY,relay,PID_ONLY,1,0,C025-W-HO13-P-_E-004-01.PDF,
13-ZL2271,13,ZL,position_indicator,PID_ONLY,1,0,C025-W-HO13-P-_E-004-01.PDF,
13-ZL2272,13,ZL,position_indicator,PID_ONLY,1,0,C025-W-HO13-P-_E-004-01.PDF,
13-ZL2279,13,ZL,position_indicator,PID_ONLY,1,0,C025-W-HO13-P-_E-004-01.PDF,
13-ZL2287,13,ZL,position_indicator,PID_ONLY,1,0,C025-W-HO13-P-_E-004-01.PDF,
13-ZS05,13,ZS,position_switch,SCD_ONLY,0,1,,C025-W-HO13-J-_E-001-01.PDF
13-ZS13,13,ZS,position_switch,SCD_ONLY,0,2,,C025-W-HO13-J-_E-001-01.PDF;C025-W-HO13-J-_E-002-01.PDF
13-ZS2264,13,ZS,position_switch,PID_ONLY,1,0,C025-W-HO13-P-_E-004-01.PDF,
13-ZS2271,13,ZS,position_switch,PID_ONLY,1,0,C025-W-HO13-P-_E-004-01.PDF,
13-ZS2272,13,ZS,position_switch,PID_ONLY,1,0,C025-W-HO13-P-_E-004-01.PDF,
13-ZS2279,13,ZS,position_switch,PID_ONLY,1,0,C025-W-HO13-P-_E-004-01.PDF,
13-ZS2287,13,ZS,position_switch,PID_ONLY,1,0,C025-W-HO13-P-_E-004-01.PDF,
20-2002PL,20,PL,other,PID_ONLY,1,0,C025-V-HB20-P-_E-001-01.PDF,
20-2002VF,20,VF,other,PID_ONLY,1,0,C025-W-HO20-P-_E-002-01.PDF,
20-2003PL,20,PL,other,PID_ONLY,1,0,C025-V-HB20-P-_E-001-01.PDF,
20-2003VF,20,VF,other,PID_ONLY,1,0,C025-W-HO20-P-_E-002-01.PDF,
20-2004PT,20,PT,transmitter,PID_ONLY,1,0,C025-W-HO20-P-_E-001-01.PDF,
20-2005WI,20,WI,other,PID_ONLY,1,0,C025-W-HO20-P-_E-002-01.PDF,
20-2006WI,20,WI,other,PID_ONLY,1,0,C025-W-HO20-P-_E-002-01.PDF,
20-2007VF,20,VF,other,PID_ONLY,1,0,C025-W-HO20-P-_E-002-01.PDF,
20-2009VF,20,VF,other,PID_ONLY,1,0,C025-W-HO20-P-_E-002-01.PDF,
20-2011PL,20,PL,other,PID_ONLY,1,0,C025-W-HO20-P-_E-002-01.PDF,
20-2012PL,20,PL,other,PID_ONLY,1,0,C025-W-HO20-P-_E-002-01.PDF,
20-2013PL,20,PL,other,PID_ONLY,1,0,C025-W-HO20-P-_E-002-01.PDF,
20-2014PL,20,PL,other,PID_ONLY,1,0,C025-W-HO20-P-_E-002-01.PDF,
20-2015PL,20,PL,other,PID_ONLY,1,0,C025-W-HO20-P-_E-002-01.PDF,
20-2016PL,20,PL,other,PID_ONLY,1,0,C025-W-HO20-P-_E-002-01.PDF,
20-2017PL,20,PL,other,PID_ONLY,1,0,C025-W-HO20-P-_E-002-01.PDF,
20-2018PL,20,PL,other,PID_ONLY,1,0,C025-W-HO20-P-_E-002-01.PDF,
20-2023VF,20,VF,other,PID_ONLY,1,0,C025-W-HO20-P-_E-002-01.PDF,
20-2024PL,20,PL,other,PID_ONLY,1,0,C025-W-HO20-P-_E-002-01.PDF,
20-2024VF,20,VF,other,PID_ONLY,1,0,C025-W-HO20-P-_E-001-01.PDF,
20-2025PL,20,PL,other,PID_ONLY,1,0,C025-W-HO20-P-_E-002-01.PDF,
20-2025VF,20,VF,other,PID_ONLY,1,0,C025-W-HO20-P-_E-001-01.PDF,
20-2026PL,20,PL,other,PID_ONLY,1,0,C025-W-HO20-P-_E-002-01.PDF,
20-2027PL,20,PL,other,PID_ONLY,1,0,C025-W-HO20-P-_E-002-01.PDF,
20-2028PL,20,PL,other,PID_ONLY,1,0,C025-W-HO20-P-_E-002-01.PDF,
20-2029PL,20,PL,other,PID_ONLY,1,0,C025-W-HO20-P-_E-002-01.PDF,
20-2030PL,20,PL,other,PID_ONLY,1,0,C025-W-HO20-P-_E-002-01.PDF,
20-2030VF,20,VF,other,PID_ONLY,1,0,C025-W-HO20-P-_E-001-01.PDF,
20-2031VF,20,VF,other,PID_ONLY,1,0,C025-W-HO20-P-_E-001-01.PDF,
20-2072PL,20,PL,other,PID_ONLY,1,0,C025-V-HB20-P-_E-001-01.PDF,
20-2074PL,20,PL,other,PID_ONLY,1,0,C025-V-HB20-P-_E-001-01.PDF,
20-2076PL,20,PL,other,PID_ONLY,1,0,C025-V-HB20-P-_E-001-01.PDF,
20-2079PL,20,PL,other,PID_ONLY,1,0,C025-V-HB20-P-_E-001-01.PDF,
20-2081PL,20,PL,other,PID_ONLY,1,0,C025-V-HB20-P-_E-001-01.PDF,
20-4450PV,20,PV,control_valve,PID_ONLY,1,0,C025-W-HO20-P-_E-002-01.PDF,
20-FI2061,20,FI,indicator,SCD_ONLY,0,1,,C025-W-HO20-J-_E-002-01.PDF
20-FIC00,20,FIC,controller,SCD_ONLY,0,1,,C025-W-HO20-J-_E-001-01.PDF
20-FIC2000,20,FIC,controller,PID_ONLY,1,0,C025-V-HB20-P-_E-001-01.PDF,
20-FT2000,20,FT,transmitter,PID_ONLY,1,0,C025-V-HB20-P-_E-001-01.PDF,
20-FV2000,20,FV,control_valve,PID_ONLY,1,0,C025-V-HB20-P-_E-001-01.PDF,
20-FY2000,20,FY,relay,PID_ONLY,1,0,C025-V-HB20-P-_E-001-01.PDF,
20-HE50,20,HE,other,SCD_ONLY,0,1,,C025-W-HO20-J-_E-002-01.PDF
20-HS20,20,HS,hand_switch,SCD_ONLY,0,1,,C025-W-HO20-J-_E-001-01.PDF
20-HS2007,20,HS,hand_switch,PID_ONLY,1,0,C025-W-HO20-P-_E-002-01.PDF,
20-HS2008,20,HS,hand_switch,PID_ONLY,1,0,C025-W-HO20-P-_E-002-01.PDF,
20-HS2009,20,HS,hand_switch,PID_ONLY,1,0,C025-W-HO20-P-_E-002-01.PDF,
20-HS2015,20,HS,hand_switch,PID_ONLY,1,0,C025-W-HO20-P-_E-002-01.PDF,
20-HS2202,20,HS,hand_switch,PID_ONLY,1,0,C025-V-HB20-P-_E-001-01.PDF,
20-HS2202A,20,HS,hand_switch,PID_ONLY,1,0,C025-V-HB20-P-_E-001-01.PDF,
20-HS2202B,20,HS,hand_switch,PID_ONLY,1,0,C025-V-HB20-P-_E-001-01.PDF,
20-LI2005,20,LI,indicator,PID_ONLY,1,0,C025-W-HO20-P-_E-002-01.PDF,
20-LI2200,20,LI,indicator,SCD_ONLY,0,1,,C025-W-HO20-J-_E-001-01.PDF
20-LIC2055,20,LIC,controller,SCD_ONLY,0,1,,C025-W-HO20-J-_E-002-01.PDF
20-LIC2200,20,LIC,controller,PID_ONLY,2,0,C025-V-HB20-P-_E-001-01.PDF;C025-W-HO20-P-_E-002-01.PDF,
20-LIC2200A,20,LIC,controller,PID_ONLY,2,0,C025-V-HB20-P-_E-001-01.PDF;C025-W-HO20-P-_E-002-01.PDF,
20-LIC2200B,20,LIC,controller,PID_ONLY,2,0,C025-V-HB20-P-_E-001-01.PDF;C025-W-HO20-P-_E-002-01.PDF,
20-LSL00B,20,LSL,other,SCD_ONLY,0,1,,C025-W-HO20-J-_E-001-01.PDF
20-LSL01,20,LSL,other,SCD_ONLY,0,1,,C025-W-HO20-J-_E-001-01.PDF
20-LSL05,20,LSL,other,SCD_ONLY,0,1,,C025-W-HO20-J-_E-001-01.PDF
20-LSL15,20,LSL,other,SCD_ONLY,0,1,,C025-W-HO20-J-_E-001-01.PDF
20-LSL20,20,LSL,other,SCD_ONLY,0,1,,C025-W-HO20-J-_E-001-01.PDF
20-LSL2016,20,LSL,other,SCD_ONLY,0,1,,C025-W-HO20-J-_E-002-01.PDF
20-LT2005,20,LT,transmitter,PID_ONLY,1,0,C025-W-HO20-P-_E-002-01.PDF,
20-LT2200,20,LT,transmitter,PID_ONLY,1,0,C025-W-HO20-P-_E-002-01.PDF,
20-LV2200A,20,LV,control_valve,PID_ONLY,2,0,C025-V-HB20-P-_E-001-01.PDF;C025-W-HO20-P-_E-002-01.PDF,
20-LV2200B,20,LV,control_valve,PID_ONLY,2,0,C025-V-HB20-P-_E-001-01.PDF;C025-W-HO20-P-_E-002-01.PDF,
20-LY2200A,20,LY,other,PID_ONLY,2,0,C025-V-HB20-P-_E-001-01.PDF;C025-W-HO20-P-_E-002-01.PDF,
20-LY2200B,20,LY,other,PID_ONLY,2,0,C025-V-HB20-P-_E-001-01.PDF;C025-W-HO20-P-_E-002-01.PDF,
20-PA001,20,PA,other,BOTH,2,2,C025-V-HB20-P-_E-001-01.PDF;C025-W-HO20-P-_E-002-01.PDF,C025-V-HO82-J-_E-102-01.PDF;C025-W-HO20-J-_E-001-01.PDF
20-PA20,20,PA,other,SCD_ONLY,0,1,,C025-W-HO20-J-_E-001-01.PDF
20-PA2021,20,PA,other,PID_ONLY,1,0,C025-W-HO20-P-_E-001-01.PDF,
20-PA2022,20,PA,other,PID_ONLY,1,0,C025-W-HO20-P-_E-001-01.PDF,
20-PI01,20,PI,indicator,SCD_ONLY,0,1,,C025-W-HO20-J-_E-001-01.PDF
20-PI2012,20,PI,indicator,PID_ONLY,1,0,C025-W-HO20-P-_E-001-01.PDF,
20-PI2015,20,PI,indicator,PID_ONLY,1,0,C025-V-HB20-P-_E-001-01.PDF,
20-PI2016,20,PI,indicator,PID_ONLY,1,0,C025-V-HB20-P-_E-001-01.PDF,
20-PI2018,20,PI,indicator,PID_ONLY,1,0,C025-W-HO20-P-_E-001-01.PDF,
20-PI2019,20,PI,indicator,PID_ONLY,1,0,C025-W-HO20-P-_E-001-01.PDF,
20-PI2176,20,PI,indicator,PID_ONLY,1,0,C025-W-HO20-P-_E-002-01.PDF,
20-PSE2018,20,PSE,safety_element,PID_ONLY,1,0,C025-W-HO20-P-_E-001-01.PDF,
20-PSE2019,20,PSE,safety_element,PID_ONLY,1,0,C025-W-HO20-P-_E-001-01.PDF,
20-PSV2171,20,PSV,safety_valve,PID_ONLY,1,0,C025-W-HO20-P-_E-002-01.PDF,
20-PT2012,20,PT,transmitter,PID_ONLY,1,0,C025-W-HO20-P-_E-001-01.PDF,
20-PT2016,20,PT,transmitter,PID_ONLY,1,0,C025-V-HB20-P-_E-001-01.PDF,
20-PT2018,20,PT,transmitter,PID_ONLY,1,0,C025-W-HO20-P-_E-001-01.PDF,
20-PT2019,20,PT,transmitter,PID_ONLY,1,0,C025-W-HO20-P-_E-001-01.PDF,
20-PV2201,20,PV,control_valve,SCD_ONLY,0,2,,C025-V-HO27-J-_E-101-01.PDF;C025-W-HO27-J-_E-001-01.PDF
20-SI2806,20,SI,speed_vibration,PID_ONLY,2,0,C025-W-HO20-P-_E-001-01.PDF;C025-W-HO20-P-_E-002-01.PDF,
20-SI3003,20,SI,speed_vibration,PID_ONLY,1,0,C025-W-HO20-P-_E-002-01.PDF,
20-SI3316,20,SI,speed_vibration,PID_ONLY,1,0,C025-W-HO20-P-_E-002-01.PDF,
20-SI3318,20,SI,speed_vibration,PID_ONLY,1,0,C025-W-HO20-P-_E-002-01.PDF,
20-SI3701,20,SI,speed_vibration,PID_ONLY,1,0,C025-W-HO20-P-_E-002-01.PDF,
20-SI4201,20,SI,speed_vibration,PID_ONLY,1,0,C025-W-HO20-P-_E-002-01.PDF,
20-TAHH2060,20,TAHH,other,PID_ONLY,1,0,C025-V-HB20-P-_E-001-01.PDF,
20-TI2001A,20,TI,indicator,PID_ONLY,1,0,C025-W-HO20-P-_E-002-01.PDF,
20-TI2001B,20,TI,indicator,PID_ONLY,1,0,C025-W-HO20-P-_E-002-01.PDF,
20-TI2010,20,TI,indicator,PID_ONLY,1,0,C025-W-HO20-P-_E-001-01.PDF,
20-TI2060,20,TI,indicator,PID_ONLY,1,0,C025-V-HB20-P-_E-001-01.PDF,
20-TT2001,20,TT,transmitter,PID_ONLY,1,0,C025-W-HO20-P-_E-002-01.PDF,
20-TT2010,20,TT,transmitter,PID_ONLY,1,0,C025-W-HO20-P-_E-001-01.PDF,
20-TT2060,20,TT,transmitter,PID_ONLY,1,0,C025-V-HB20-P-_E-001-01.PDF,
20-VA50,20,VA,other,PID_ONLY,2,0,C025-V-HB20-P-_E-001-01.PDF;C025-W-HO20-P-_E-002-01.PDF,
20-XV2008,20,XV,shutdown_valve,PID_ONLY,1,0,C025-W-HO20-P-_E-002-01.PDF,
20-XV2009,20,XV,shutdown_valve,PID_ONLY,1,0,C025-W-HO20-P-_E-002-01.PDF,
20-XV2015,20,XV,shutdown_valve,PID_ONLY,1,0,C025-W-HO20-P-_E-002-01.PDF,
20-XV2202A,20,XV,shutdown_valve,PID_ONLY,1,0,C025-V-HB20-P-_E-001-01.PDF,
20-XV2202B,20,XV,shutdown_valve,PID_ONLY,1,0,C025-V-HB20-P-_E-001-01.PDF,
20-XY2001,20,XY,relay,SCD_ONLY,0,1,,C025-V-HO82-J-_E-102-01.PDF
20-XY2007,20,XY,relay,PID_ONLY,1,0,C025-W-HO20-P-_E-002-01.PDF,
20-XY2008,20,XY,relay,PID_ONLY,1,0,C025-W-HO20-P-_E-002-01.PDF,
20-XY2009,20,XY,relay,PID_ONLY,1,0,C025-W-HO20-P-_E-002-01.PDF,
20-XY2016,20,XY,relay,SCD_ONLY,0,1,,C025-W-HO20-J-_E-002-01.PDF
20-XY2202A,20,XY,relay,PID_ONLY,1,0,C025-V-HB20-P-_E-001-01.PDF,
20-XY2202B,20,XY,relay,PID_ONLY,1,0,C025-V-HB20-P-_E-001-01.PDF,
20-ZL2007,20,ZL,position_indicator,PID_ONLY,1,0,C025-W-HO20-P-_E-002-01.PDF,
20-ZL2008,20,ZL,position_indicator,PID_ONLY,1,0,C025-W-HO20-P-_E-002-01.PDF,
20-ZL2009,20,ZL,position_indicator,PID_ONLY,1,0,C025-W-HO20-P-_E-002-01.PDF,
20-ZL2015,20,ZL,position_indicator,PID_ONLY,1,0,C025-W-HO20-P-_E-002-01.PDF,
20-ZL2202A,20,ZL,position_indicator,PID_ONLY,1,0,C025-V-HB20-P-_E-001-01.PDF,
20-ZL2202B,20,ZL,position_indicator,PID_ONLY,1,0,C025-V-HB20-P-_E-001-01.PDF,
20-ZS10,20,ZS,position_switch,SCD_ONLY,0,1,,C025-W-HO20-J-_E-001-01.PDF
20-ZS11,20,ZS,position_switch,SCD_ONLY,0,1,,C025-W-HO20-J-_E-001-01.PDF
20-ZS2008,20,ZS,position_switch,PID_ONLY,1,0,C025-W-HO20-P-_E-002-01.PDF,
20-ZS2009,20,ZS,position_switch,PID_ONLY,1,0,C025-W-HO20-P-_E-002-01.PDF,
20-ZS2015,20,ZS,position_switch,PID_ONLY,1,0,C025-W-HO20-P-_E-002-01.PDF,
20-ZS2202A,20,ZS,position_switch,PID_ONLY,1,0,C025-V-HB20-P-_E-001-01.PDF,
20-ZS2202B,20,ZS,position_switch,PID_ONLY,1,0,C025-V-HB20-P-_E-001-01.PDF,
21-ESV2152,21,ESV,other,PID_ONLY,1,0,C025-W-HO65-P-_U-002-01.PDF,
21-HS2152,21,HS,hand_switch,SCD_ONLY,0,1,,C025-W-HO21-J-_E-001-01.PDF
21-LSL2152,21,LSL,other,SCD_ONLY,0,1,,C025-W-HO21-J-_E-001-01.PDF
21-VW50,21,VW,other,SCD_ONLY,0,1,,C025-W-HO21-J-_E-001-01.PDF
21-ZS20,21,ZS,position_switch,SCD_ONLY,0,1,,C025-W-HO21-J-_E-001-01.PDF
24-2007PL,24,PL,other,PID_ONLY,1,0,C025-V-HA24-P-_E-001-01.PDF,
24-2008PL,24,PL,other,PID_ONLY,1,0,C025-V-HA24-P-_E-001-01.PDF,
24-2052PL,24,PL,other,PID_ONLY,1,0,C025-V-HA24-P-_E-001-01.PDF,
24-2056PL,24,PL,other,PID_ONLY,1,0,C025-V-HA24-P-_E-001-01.PDF,
24-2059PL,24,PL,other,PID_ONLY,1,0,C025-V-HA24-P-_E-001-01.PDF,
24-2060PL,24,PL,other,PID_ONLY,1,0,C025-V-HA24-P-_E-001-01.PDF,
24-2061PL,24,PL,other,PID_ONLY,1,0,C025-V-HA24-P-_E-001-01.PDF,
24-AE2060,24,AE,other,PID_ONLY,2,0,C025-V-HA24-P-_E-001-01.PDF;C025-V-HB20-P-_E-001-01.PDF,
24-FIC2100,24,FIC,controller,PID_ONLY,1,0,C025-V-HA24-P-_E-001-01.PDF,
24-FT2100,24,FT,transmitter,BOTH,1,1,C025-V-HA24-P-_E-001-01.PDF,C025-W-HO24-J-_E-001-01.PDF
24-FV2100,24,FV,control_valve,PID_ONLY,1,0,C025-V-HA24-P-_E-001-01.PDF,
24-FY2100,24,FY,relay,PID_ONLY,1,0,C025-V-HA24-P-_E-001-01.PDF,
24-HS2163,24,HS,hand_switch,PID_ONLY,1,0,C025-V-HA24-P-_E-001-01.PDF,
24-HS2163A,24,HS,hand_switch,PID_ONLY,1,0,C025-V-HA24-P-_E-001-01.PDF,
24-HS2163B,24,HS,hand_switch,PID_ONLY,1,0,C025-V-HA24-P-_E-001-01.PDF,
24-HS24,24,HS,hand_switch,SCD_ONLY,0,1,,C025-W-HO24-J-_E-001-01.PDF
24-LIC2162,24,LIC,controller,PID_ONLY,1,0,C025-V-HA24-P-_E-001-01.PDF,
24-LIC2162A,24,LIC,controller,PID_ONLY,1,0,C025-V-HA24-P-_E-001-01.PDF,
24-LIC2162B,24,LIC,controller,PID_ONLY,1,0,C025-V-HA24-P-_E-001-01.PDF,
24-LSH2005,24,LSH,other,PID_ONLY,1,0,C025-V-HA24-P-_E-001-01.PDF,
24-LSL01,24,LSL,other,SCD_ONLY,0,1,,C025-W-HO24-J-_E-001-01.PDF
24-LSL02,24,LSL,other,SCD_ONLY,0,1,,C025-W-HO24-J-_E-001-01.PDF
24-LSL24,24,LSL,other,SCD_ONLY,0,1,,C025-W-HO24-J-_E-001-01.PDF
24-LV2162A,24,LV,control_valve,PID_ONLY,1,0,C025-V-HA24-P-_E-001-01.PDF,
24-LV2162B,24,LV,control_valve,PID_ONLY,1,0,C025-V-HA24-P-_E-001-01.PDF,
24-LY2162A,24,LY,other,PID_ONLY,1,0,C025-V-HA24-P-_E-001-01.PDF,
24-LY2162B,24,LY,other,PID_ONLY,1,0,C025-V-HA24-P-_E-001-01.PDF,
24-PA001,24,PA,other,BOTH,1,2,C025-V-HA24-P-_E-001-01.PDF,C025-V-HO82-J-_E-102-01.PDF;C025-W-HO24-J-_E-001-01.PDF
24-PDI2001,24,PDI,indicator,PID_ONLY,1,0,C025-V-HA24-P-_E-001-01.PDF,
24-PDI24,24,PDI,indicator,SCD_ONLY,0,1,,C025-W-HO24-J-_E-001-01.PDF
24-PE001,24,PE,other,SCD_ONLY,0,2,,C025-V-HO82-J-_E-102-01.PDF;C025-W-HO24-J-_E-001-01.PDF
24-PI2001,24,PI,indicator,PID_ONLY,1,0,C025-V-HA24-P-_E-001-01.PDF,
24-PI2159,24,PI,indicator,PID_ONLY,1,0,C025-V-HA24-P-_E-001-01.PDF,
24-PI2160,24,PI,indicator,PID_ONLY,1,0,C025-V-HA24-P-_E-001-01.PDF,
24-PT2001,24,PT,transmitter,PID_ONLY,1,0,C025-V-HA24-P-_E-001-01.PDF,
24-PT2159,24,PT,transmitter,PID_ONLY,1,0,C025-V-HA24-P-_E-001-01.PDF,
24-PT2160,24,PT,transmitter,BOTH,1,1,C025-V-HA24-P-_E-001-01.PDF,C025-W-HO24-J-_E-001-01.PDF
24-TIC50,24,TIC,controller,SCD_ONLY,0,1,,C025-W-HO24-J-_E-001-01.PDF
24-VG50,24,VG,other,PID_ONLY,1,0,C025-V-HA24-P-_E-001-01.PDF,
24-XV2163A,24,XV,shutdown_valve,PID_ONLY,1,0,C025-V-HA24-P-_E-001-01.PDF,
24-XV2163B,24,XV,shutdown_valve,PID_ONLY,1,0,C025-V-HA24-P-_E-001-01.PDF,
24-XY2001,24,XY,relay,SCD_ONLY,0,1,,C025-V-HO82-J-_E-102-01.PDF
24-XY2002,24,XY,relay,SCD_ONLY,0,1,,C025-V-HO82-J-_E-102-01.PDF
24-XY2163A,24,XY,relay,PID_ONLY,1,0,C025-V-HA24-P-_E-001-01.PDF,
24-XY2163B,24,XY,relay,PID_ONLY,1,0,C025-V-HA24-P-_E-001-01.PDF,
24-ZL2163A,24,ZL,position_indicator,PID_ONLY,1,0,C025-V-HA24-P-_E-001-01.PDF,
24-ZL2163B,24,ZL,position_indicator,PID_ONLY,1,0,C025-V-HA24-P-_E-001-01.PDF,
24-ZS0524,24,ZS,position_switch,SCD_ONLY,0,1,,C025-W-HO24-J-_E-001-01.PDF
24-ZS2163A,24,ZS,position_switch,PID_ONLY,1,0,C025-V-HA24-P-_E-001-01.PDF,
24-ZS2163B,24,ZS,position_switch,PID_ONLY,1,0,C025-V-HA24-P-_E-001-01.PDF,
27-4452PV,27,PV,control_valve,PID_ONLY,1,0,C025-V-HO27-P-_E-001-01.PDF,
27-4453PV,27,PV,control_valve,PID_ONLY,1,0,C025-V-HO27-P-_E-001-01.PDF,
27-4454PL,27,PL,other,PID_ONLY,1,0,C025-V-HO27-P-_E-001-01.PDF,
27-4500PV,27,PV,control_valve,PID_ONLY,1,0,C025-V-HO27-P-_E-001-01.PDF,
27-4503PV,27,PV,control_valve,PID_ONLY,1,0,C025-V-HO27-P-_E-001-01.PDF,
27-4504PV,27,PV,control_valve,PID_ONLY,1,0,C025-V-HO27-P-_E-001-01.PDF,
27-4510PV,27,PV,control_valve,PID_ONLY,1,0,C025-V-HO27-P-_E-001-01.PDF,
27-4511PV,27,PV,control_valve,PID_ONLY,1,0,C025-V-HO27-P-_E-001-01.PDF,
27-4514PV,27,PV,control_valve,PID_ONLY,1,0,C025-V-HO27-P-_E-001-01.PDF,
27-4548PV,27,PV,control_valve,PID_ONLY,1,0,C025-V-HO27-P-_E-002-01.PDF,
27-CB59,27,CB,other,PID_ONLY,1,0,C025-V-HO27-P-_E-003-01.PDF,
27-CB60,27,CB,other,PID_ONLY,1,0,C025-V-HO27-P-_E-003-01.PDF,
27-CB61,27,CB,other,PID_ONLY,1,0,C025-V-HO27-P-_E-003-01.PDF,
27-CB62,27,CB,other,PID_ONLY,1,0,C025-V-HO27-P-_E-003-01.PDF,
27-CS51,27,CS,other,PID_ONLY,1,0,C025-V-HO27-P-_E-003-01.PDF,
27-CX057,27,CX,other,PID_ONLY,1,0,C025-V-HO27-P-_E-003-01.PDF,
27-CX50,27,CX,other,PID_ONLY,1,0,C025-V-HO27-P-_E-003-01.PDF,
27-CX54,27,CX,other,PID_ONLY,1,0,C025-V-HO27-P-_E-003-01.PDF,
27-CX55,27,CX,other,PID_ONLY,1,0,C025-V-HO27-P-_E-003-01.PDF,
27-CX56,27,CX,other,PID_ONLY,1,0,C025-V-HO27-P-_E-003-01.PDF,
27-CZ50,27,CZ,other,PID_ONLY,1,0,C025-V-HO27-P-_E-003-01.PDF,
27-CZ51,27,CZ,other,PID_ONLY,1,0,C025-V-HO27-P-_E-003-01.PDF,
27-EC52A,27,EC,other,SCD_ONLY,0,1,,C025-V-HO82-J-_E-102-01.PDF
27-EC52B,27,EC,other,SCD_ONLY,0,1,,C025-V-HO82-J-_E-102-01.PDF
27-ESV2240,27,ESV,other,PID_ONLY,1,0,C025-W-HO65-P-_U-002-01.PDF,
27-FE52A,27,FE,flow_element,SCD_ONLY,0,1,,C025-V-HO82-J-_E-102-01.PDF
27-FE52B,27,FE,flow_element,SCD_ONLY,0,1,,C025-V-HO82-J-_E-102-01.PDF
27-FE53,27,FE,flow_element,SCD_ONLY,0,1,,C025-V-HO82-J-_E-102-01.PDF
27-FE54,27,FE,flow_element,SCD_ONLY,0,1,,C025-V-HO82-J-_E-102-01.PDF
27-FE55A,27,FE,flow_element,SCD_ONLY,0,1,,C025-V-HO82-J-_E-102-01.PDF
27-FE55B,27,FE,flow_element,SCD_ONLY,0,1,,C025-V-HO82-J-_E-102-01.PDF
27-FE57,27,FE,flow_element,SCD_ONLY,0,1,,C025-V-HO82-J-_E-102-01.PDF
27-FE58,27,FE,flow_element,SCD_ONLY,0,1,,C025-V-HO82-J-_E-102-01.PDF
27-FE59,27,FE,flow_element,SCD_ONLY,0,1,,C025-V-HO82-J-_E-102-01.PDF
27-FE60A,27,FE,flow_element,SCD_ONLY,0,1,,C025-V-HO82-J-_E-102-01.PDF
27-FE60B,27,FE,flow_element,SCD_ONLY,0,1,,C025-V-HO82-J-_E-102-01.PDF
27-FI2070,27,FI,indicator,SCD_ONLY,0,1,,C025-W-HO27-J-_E-001-01.PDF
27-FI4801,27,FI,indicator,PID_ONLY,1,0,C025-V-HO27-P-_E-001-01.PDF,
27-FI4807,27,FI,indicator,PID_ONLY,1,0,C025-V-HO27-P-_E-002-01.PDF,
27-FIC4810,27,FIC,controller,PID_ONLY,1,0,C025-V-HO27-P-_E-002-01.PDF,
27-FO4827,27,FO,restriction_orifice,PID_ONLY,1,0,C025-V-HO27-P-_E-001-01.PDF,
27-FO4829,27,FO,restriction_orifice,PID_ONLY,1,0,C025-V-HO27-P-_E-001-01.PDF,
27-FT0848,27,FT,transmitter,SCD_ONLY,0,1,,C025-V-HO27-J-_E-101-01.PDF
27-FT2050,27,FT,transmitter,SCD_ONLY,0,2,,C025-V-HO27-J-_E-102-01.PDF;C025-W-HO27-J-_E-001-01.PDF
27-FT2060,27,FT,transmitter,SCD_ONLY,0,1,,C025-W-HO27-J-_E-001-01.PDF
27-FT4801,27,FT,transmitter,PID_ONLY,1,0,C025-V-HO27-P-_E-001-01.PDF,
27-FT4807,27,FT,transmitter,PID_ONLY,1,0,C025-V-HO27-P-_E-002-01.PDF,
27-FT4810,27,FT,transmitter,PID_ONLY,1,0,C025-V-HO27-P-_E-002-01.PDF,
27-FV4810,27,FV,control_valve,PID_ONLY,1,0,C025-V-HO27-P-_E-002-01.PDF,
27-FV4811,27,FV,control_valve,PID_ONLY,2,0,C025-V-HO27-P-_E-001-01.PDF;C025-V-HO63-P-_U-001-01.PDF,
27-FY4810,27,FY,relay,PID_ONLY,1,0,C025-V-HO27-P-_E-002-01.PDF,
27-FY4811A,27,FY,relay,PID_ONLY,1,0,C025-V-HO27-P-_E-001-01.PDF,
27-FY4811B,27,FY,relay,PID_ONLY,1,0,C025-V-HO27-P-_E-001-01.PDF,
27-FY4811C,27,FY,relay,PID_ONLY,1,0,C025-V-HO27-P-_E-001-01.PDF,
27-GK50,27,GK,other,SCD_ONLY,0,1,,C025-W-HO82-J-_E-003-01.PDF
27-GK51A,27,GK,other,SCD_ONLY,0,1,,C025-V-HO82-J-_E-102-01.PDF
27-GK51B,27,GK,other,SCD_ONLY,0,1,,C025-V-HO82-J-_E-102-01.PDF
27-GK52A,27,GK,other,SCD_ONLY,0,1,,C025-V-HO82-J-_E-102-01.PDF
27-GK52B,27,GK,other,SCD_ONLY,0,1,,C025-V-HO82-J-_E-102-01.PDF
27-HA50,27,HA,other,BOTH,1,1,C025-V-HO27-P-_E-002-01.PDF,C025-V-HO27-J-_E-102-01.PDF
27-HS08,27,HS,hand_switch,SCD_ONLY,0,1,,C025-V-HO27-J-_E-101-01.PDF
27-HS11,27,HS,hand_switch,SCD_ONLY,0,1,,C025-V-HO27-J-_E-101-01.PDF
27-HS2203,27,HS,hand_switch,SCD_ONLY,0,1,,C025-W-HO27-J-_E-001-01.PDF
27-HS27,27,HS,hand_switch,SCD_ONLY,0,1,,C025-W-HO27-J-_E-001-01.PDF
27-HS4006,27,HS,hand_switch,SCD_ONLY,0,1,,C025-V-HO45-J-_E-103-01.PDF
27-HS4338,27,HS,hand_switch,SCD_ONLY,0,1,,C025-V-HO82-J-_E-102-01.PDF
27-HS4805,27,HS,hand_switch,PID_ONLY,1,0,C025-V-HO27-P-_E-002-01.PDF,
27-HS4806,27,HS,hand_switch,SCD_ONLY,0,1,,C025-V-HO45-J-_E-103-01.PDF
27-HS4811,27,HS,hand_switch,PID_ONLY,1,0,C025-V-HO27-P-_E-001-01.PDF,
27-HS4813,27,HS,hand_switch,PID_ONLY,1,0,C025-V-HO27-P-_E-001-01.PDF,
27-HS4814,27,HS,hand_switch,PID_ONLY,1,0,C025-V-HO27-P-_E-001-01.PDF,
27-HS4826,27,HS,hand_switch,PID_ONLY,1,0,C025-V-HO27-P-_E-001-01.PDF,
27-HS4828,27,HS,hand_switch,PID_ONLY,1,0,C025-V-HO27-P-_E-001-01.PDF,
27-HV2055,27,HV,hand_valve,SCD_ONLY,0,1,,C025-W-HO27-J-_E-001-01.PDF
27-HV2065,27,HV,hand_valve,SCD_ONLY,0,1,,C025-W-HO27-J-_E-001-01.PDF
27-JB50,27,JB,other,SCD_ONLY,0,2,,C025-W-HO24-J-_E-001-01.PDF;C025-W-HO85-J-_E-001-01.PDF
27-JG50,27,JG,other,SCD_ONLY,0,2,,C025-V-HO82-J-_E-102-01.PDF;C025-V-HO85-J-_E-101-01.PDF
27-KA50,27,KA,machine,BOTH,3,2,C025-V-HO27-P-_E-001-01.PDF;C025-V-HO27-P-_E-003-01.PDF;C025-V-HO63-P-_U-001-01.PDF,C025-V-HO27-J-_E-101-01.PDF;C025-W-HO27-J-_E-001-01.PDF
27-KZ50,27,KZ,other,PID_ONLY,1,0,C025-V-HO64-P-_U-001-01.PDF,
27-LSL00,27,LSL,other,SCD_ONLY,0,1,,C025-V-HO27-J-_E-101-01.PDF
27-LSL0521,27,LSL,other,SCD_ONLY,0,1,,C025-W-HO27-J-_E-001-01.PDF
27-LSL0522,27,LSL,other,SCD_ONLY,0,1,,C025-W-HO27-J-_E-001-01.PDF
27-LSL0548,27,LSL,other,SCD_ONLY,0,1,,C025-V-HO27-J-_E-101-01.PDF
27-LSL28,27,LSL,other,SCD_ONLY,0,1,,C025-V-HO27-J-_E-101-01.PDF
27-LSL4811Y,27,LSL,other,SCD_ONLY,0,1,,C025-V-HO27-J-_E-102-01.PDF
27-LSL54,27,LSL,other,SCD_ONLY,0,1,,C025-V-HO27-J-_E-101-01.PDF
27-LSL548,27,LSL,other,SCD_ONLY,0,1,,C025-V-HO27-J-_E-101-01.PDF
27-PA51A,27,PA,other,SCD_ONLY,0,1,,C025-V-HO82-J-_E-102-01.PDF
27-PA51B,27,PA,other,SCD_ONLY,0,1,,C025-V-HO82-J-_E-102-01.PDF
27-PDI4812,27,PDI,indicator,PID_ONLY,1,0,C025-V-HO27-P-_E-001-01.PDF,
27-PDT4812,27,PDT,transmitter,BOTH,1,1,C025-V-HO27-P-_E-001-01.PDF,C025-V-HO27-J-_E-101-01.PDF
27-PI27,27,PI,indicator,SCD_ONLY,0,1,,C025-W-HO27-J-_E-001-01.PDF
27-PI4801,27,PI,indicator,PID_ONLY,1,0,C025-V-HO27-P-_E-002-01.PDF,
27-PI4802,27,PI,indicator,PID_ONLY,1,0,C025-V-HO27-P-_E-002-01.PDF,
27-PI4804,27,PI,indicator,PID_ONLY,2,0,C025-V-HO27-P-_E-001-01.PDF;C025-V-HO27-P-_E-002-01.PDF,
27-PI4805,27,PI,indicator,PID_ONLY,1,0,C025-V-HO27-P-_E-001-01.PDF,
27-PI4806,27,PI,indicator,PID_ONLY,1,0,C025-V-HO27-P-_E-002-01.PDF,
27-PI4807,27,PI,indicator,PID_ONLY,1,0,C025-V-HO27-P-_E-001-01.PDF,
27-PI4823,27,PI,indicator,PID_ONLY,1,0,C025-V-HO27-P-_E-001-01.PDF,
27-PIC27,27,PIC,controller,SCD_ONLY,0,1,,C025-V-HO27-J-_E-101-01.PDF
27-PIC3111,27,PIC,controller,SCD_ONLY,0,1,,C025-W-HO27-J-_E-001-01.PDF
27-PIC4111,27,PIC,controller,SCD_ONLY,0,1,,C025-V-HO27-J-_E-101-01.PDF
27-PIC4803,27,PIC,controller,PID_ONLY,1,0,C025-V-HO27-P-_E-001-01.PDF,
27-PIC4809,27,PIC,controller,PID_ONLY,1,0,C025-V-HO27-P-_E-002-01.PDF,
27-PIC4825A,27,PIC,controller,BOTH,1,1,C025-V-HO27-P-_E-001-01.PDF,C025-V-HO27-J-_E-101-01.PDF
27-PIC4825B,27,PIC,controller,BOTH,1,1,C025-V-HO27-P-_E-001-01.PDF,C025-V-HO27-J-_E-101-01.PDF
27-PIC4825C,27,PIC,controller,BOTH,1,1,C025-V-HO27-P-_E-001-01.PDF,C025-V-HO27-J-_E-101-01.PDF
27-PIT2051A,27,PIT,other,SCD_ONLY,0,1,,C025-W-HO27-J-_E-001-01.PDF
27-PIT2051B,27,PIT,other,SCD_ONLY,0,1,,C025-W-HO27-J-_E-001-01.PDF
27-PIT2061A,27,PIT,other,SCD_ONLY,0,1,,C025-W-HO27-J-_E-001-01.PDF
27-PIT2061B,27,PIT,other,SCD_ONLY,0,1,,C025-W-HO27-J-_E-001-01.PDF
27-PSE4254,27,PSE,safety_element,PID_ONLY,1,0,C025-V-HO27-P-_E-001-01.PDF,
27-PSE4255,27,PSE,safety_element,PID_ONLY,1,0,C025-V-HO27-P-_E-001-01.PDF,
27-PSE4801A,27,PSE,safety_element,PID_ONLY,1,0,C025-V-HO27-P-_E-002-01.PDF,
27-PSE4801B,27,PSE,safety_element,PID_ONLY,1,0,C025-V-HO27-P-_E-002-01.PDF,
27-PSV4809,27,PSV,safety_valve,PID_ONLY,1,0,C025-V-HO27-P-_E-001-01.PDF,
27-PSV4810,27,PSV,safety_valve,PID_ONLY,1,0,C025-V-HO27-P-_E-001-01.PDF,
27-PSV4820,27,PSV,safety_valve,PID_ONLY,1,0,C025-V-HO27-P-_E-002-01.PDF,
27-PT4250A,27,PT,transmitter,BOTH,1,1,C025-V-HO27-P-_E-001-01.PDF,C025-V-HO27-J-_E-101-01.PDF
27-PT4250B,27,PT,transmitter,BOTH,1,1,C025-V-HO27-P-_E-001-01.PDF,C025-V-HO27-J-_E-101-01.PDF
27-PT4252A,27,PT,transmitter,PID_ONLY,1,0,C025-V-HO27-P-_E-001-01.PDF,
27-PT4252B,27,PT,transmitter,PID_ONLY,1,0,C025-V-HO27-P-_E-001-01.PDF,
27-PT4552B,27,PT,transmitter,SCD_ONLY,0,1,,C025-V-HO27-J-_E-101-01.PDF
27-PT4801,27,PT,transmitter,PID_ONLY,1,0,C025-V-HO27-P-_E-002-01.PDF,
27-PT4802,27,PT,transmitter,PID_ONLY,1,0,C025-V-HO27-P-_E-002-01.PDF,
27-PT4803,27,PT,transmitter,BOTH,1,1,C025-V-HO27-P-_E-001-01.PDF,C025-V-HO27-J-_E-101-01.PDF
27-PT4804,27,PT,transmitter,BOTH,2,1,C025-V-HO27-P-_E-001-01.PDF;C025-V-HO27-P-_E-002-01.PDF,C025-V-HO27-J-_E-101-01.PDF
27-PT4805,27,PT,transmitter,BOTH,1,1,C025-V-HO27-P-_E-001-01.PDF,C025-V-HO27-J-_E-101-01.PDF
27-PT4806,27,PT,transmitter,PID_ONLY,1,0,C025-V-HO27-P-_E-002-01.PDF,
27-PT4807,27,PT,transmitter,PID_ONLY,1,0,C025-V-HO27-P-_E-001-01.PDF,
27-PT4809,27,PT,transmitter,PID_ONLY,1,0,C025-V-HO27-P-_E-002-01.PDF,
27-PT4823,27,PT,transmitter,PID_ONLY,1,0,C025-V-HO27-P-_E-001-01.PDF,
27-PT4825,27,PT,transmitter,BOTH,1,1,C025-V-HO27-P-_E-001-01.PDF,C025-V-HO27-J-_E-101-01.PDF
27-PV4803,27,PV,control_valve,PID_ONLY,1,0,C025-V-HO27-P-_E-001-01.PDF,
27-PV4809,27,PV,control_valve,PID_ONLY,1,0,C025-V-HO27-P-_E-002-01.PDF,
27-PX50,27,PX,other,SCD_ONLY,0,1,,C025-V-HO82-J-_E-102-01.PDF
27-PY4803,27,PY,relay,PID_ONLY,1,0,C025-V-HO27-P-_E-001-01.PDF,
27-PY4809,27,PY,relay,PID_ONLY,1,0,C025-V-HO27-P-_E-002-01.PDF,
27-SI4214,27,SI,speed_vibration,PID_ONLY,1,0,C025-V-HO27-P-_E-003-01.PDF,
27-TA51,27,TA,other,PID_ONLY,1,0,C025-V-HO27-P-_E-003-01.PDF,
27-TI4803,27,TI,indicator,PID_ONLY,1,0,C025-V-HO27-P-_E-002-01.PDF,
27-TI4806,27,TI,indicator,PID_ONLY,1,0,C025-V-HO27-P-_E-001-01.PDF,
27-TI4820,27,TI,indicator,PID_ONLY,1,0,C025-V-HO27-P-_E-002-01.PDF,
27-TI4821,27,TI,indicator,PID_ONLY,1,0,C025-V-HO27-P-_E-002-01.PDF,
27-TIC4808,27,TIC,controller,PID_ONLY,1,0,C025-V-HO27-P-_E-002-01.PDF,
27-TIC4816,27,TIC,controller,PID_ONLY,1,0,C025-V-HO27-P-_E-002-01.PDF,
27-TT2054A,27,TT,transmitter,SCD_ONLY,0,1,,C025-W-HO27-J-_E-001-01.PDF
27-TT2054B,27,TT,transmitter,SCD_ONLY,0,1,,C025-W-HO27-J-_E-001-01.PDF
27-TT2064A,27,TT,transmitter,SCD_ONLY,0,1,,C025-W-HO27-J-_E-001-01.PDF
27-TT2064B,27,TT,transmitter,SCD_ONLY,0,1,,C025-W-HO27-J-_E-001-01.PDF
27-TT4803,27,TT,transmitter,PID_ONLY,1,0,C025-V-HO27-P-_E-002-01.PDF,
27-TT4806,27,TT,transmitter,BOTH,1,1,C025-V-HO27-P-_E-001-01.PDF,C025-V-HO27-J-_E-101-01.PDF
27-TT4808,27,TT,transmitter,PID_ONLY,1,0,C025-V-HO27-P-_E-002-01.PDF,
27-TT4816,27,TT,transmitter,PID_ONLY,1,0,C025-V-HO27-P-_E-002-01.PDF,
27-TT4820,27,TT,transmitter,BOTH,1,1,C025-V-HO27-P-_E-002-01.PDF,C025-V-HO27-J-_E-102-01.PDF
27-TT4821,27,TT,transmitter,BOTH,1,1,C025-V-HO27-P-_E-002-01.PDF,C025-V-HO27-J-_E-102-01.PDF
27-TY4808,27,TY,relay,PID_ONLY,1,0,C025-V-HO27-P-_E-002-01.PDF,
27-TY4816,27,TY,relay,PID_ONLY,1,0,C025-V-HO27-P-_E-002-01.PDF,
27-VW50,27,VW,other,SCD_ONLY,0,1,,C025-W-HO27-J-_E-001-01.PDF
27-XJ50,27,XJ,other,SCD_ONLY,0,1,,C025-W-HO27-J-_E-001-01.PDF
27-XJ51,27,XJ,other,SCD_ONLY,0,1,,C025-W-HO85-J-_E-003-01.PDF
27-XV4805,27,XV,shutdown_valve,PID_ONLY,1,0,C025-V-HO27-P-_E-002-01.PDF,
27-XV4813,27,XV,shutdown_valve,BOTH,1,1,C025-V-HO27-P-_E-001-01.PDF,C025-V-HO27-J-_E-101-01.PDF
27-XV4814,27,XV,shutdown_valve,BOTH,1,1,C025-V-HO27-P-_E-001-01.PDF,C025-V-HO27-J-_E-101-01.PDF
27-XV4826,27,XV,shutdown_valve,BOTH,1,1,C025-V-HO27-P-_E-001-01.PDF,C025-V-HO27-J-_E-101-01.PDF
27-XV4828,27,XV,shutdown_valve,BOTH,1,1,C025-V-HO27-P-_E-001-01.PDF,C025-V-HO27-J-_E-101-01.PDF
27-XY4805,27,XY,relay,PID_ONLY,1,0,C025-V-HO27-P-_E-002-01.PDF,
27-XY4811Y,27,XY,relay,SCD_ONLY,0,1,,C025-V-HO27-J-_E-102-01.PDF
27-XY4813,27,XY,relay,PID_ONLY,1,0,C025-V-HO27-P-_E-001-01.PDF,
27-XY4814,27,XY,relay,PID_ONLY,1,0,C025-V-HO27-P-_E-001-01.PDF,
27-XY4826,27,XY,relay,PID_ONLY,1,0,C025-V-HO27-P-_E-001-01.PDF,
27-XY4828,27,XY,relay,PID_ONLY,1,0,C025-V-HO27-P-_E-001-01.PDF,
27-ZL4805,27,ZL,position_indicator,PID_ONLY,1,0,C025-V-HO27-P-_E-002-01.PDF,
27-ZL4813,27,ZL,position_indicator,PID_ONLY,1,0,C025-V-HO27-P-_E-001-01.PDF,
27-ZL4814,27,ZL,position_indicator,PID_ONLY,1,0,C025-V-HO27-P-_E-001-01.PDF,
27-ZL4826,27,ZL,position_indicator,PID_ONLY,1,0,C025-V-HO27-P-_E-001-01.PDF,
27-ZL4828,27,ZL,position_indicator,PID_ONLY,1,0,C025-V-HO27-P-_E-001-01.PDF,
27-ZS0527,27,ZS,position_switch,SCD_ONLY,0,1,,C025-W-HO27-J-_E-001-01.PDF
27-ZS0542,27,ZS,position_switch,SCD_ONLY,0,1,,C025-W-HO27-J-_E-001-01.PDF
27-ZS0550,27,ZS,position_switch,SCD_ONLY,0,1,,C025-V-HO27-J-_E-102-01.PDF
27-ZS4805,27,ZS,position_switch,PID_ONLY,1,0,C025-V-HO27-P-_E-002-01.PDF,
27-ZS4813,27,ZS,position_switch,PID_ONLY,1,0,C025-V-HO27-P-_E-001-01.PDF,
27-ZS4814,27,ZS,position_switch,PID_ONLY,1,0,C025-V-HO27-P-_E-001-01.PDF,
27-ZS4826,27,ZS,position_switch,PID_ONLY,1,0,C025-V-HO27-P-_E-001-01.PDF,
27-ZS4828,27,ZS,position_switch,PID_ONLY,1,0,C025-V-HO27-P-_E-001-01.PDF,
27-ZSH4005,27,ZSH,other,SCD_ONLY,0,1,,C025-V-HO45-J-_E-103-01.PDF
40-2003WC,40,WC,other,PID_ONLY,1,0,C025-W-HO82-P-_U-001-01.PDF,
40-2005WC,40,WC,other,PID_ONLY,1,0,C025-W-HO82-P-_U-001-01.PDF,
42-2000CA,42,CA,other,PID_ONLY,1,0,C025-W-HO13-P-_E-004-01.PDF,
42-2000CC,42,CC,other,PID_ONLY,1,0,C025-W-HO13-P-_E-004-01.PDF,
42-2000CG,42,CG,other,PID_ONLY,1,0,C025-W-HO13-P-_E-004-01.PDF,
42-2024CC,42,CC,other,PID_ONLY,1,0,C025-W-HO13-P-_E-004-01.PDF,
42-2025CC,42,CC,other,PID_ONLY,1,0,C025-W-HO20-P-_E-002-01.PDF,
42-2035CC,42,CC,other,PID_ONLY,1,0,C025-W-HO20-P-_E-002-01.PDF,
42-2045CA,42,CA,other,PID_ONLY,1,0,C025-W-HO13-P-_E-004-01.PDF,
42-2088CG,42,CG,other,PID_ONLY,1,0,C025-W-HO13-P-_E-004-01.PDF,
42-ER50,42,ER,other,SCD_ONLY,0,1,,C025-W-HO42-J-_E-006-01.PDF
42-FI2216,42,FI,indicator,SCD_ONLY,0,1,,C025-W-HO13-J-_E-001-01.PDF
42-FRC2128,42,FRC,other,SCD_ONLY,0,1,,C025-W-HO24-J-_E-001-01.PDF
42-FV2068,42,FV,control_valve,SCD_ONLY,0,1,,C025-W-HO42-J-_E-006-01.PDF
42-HS2060,42,HS,hand_switch,SCD_ONLY,0,1,,C025-W-HO42-J-_E-003-01.PDF
42-HS2210,42,HS,hand_switch,SCD_ONLY,0,1,,C025-W-HO42-J-_E-004-01.PDF
42-HS42,42,HS,hand_switch,SCD_ONLY,0,1,,C025-W-HO42-J-_E-006-01.PDF
42-LI2099,42,LI,indicator,SCD_ONLY,0,1,,C025-W-HO42-J-_E-006-01.PDF
42-LSL0522,42,LSL,other,SCD_ONLY,0,1,,C025-W-HO42-J-_E-006-01.PDF
42-LSL2060,42,LSL,other,SCD_ONLY,0,1,,C025-W-HO42-J-_E-003-01.PDF
42-LSL2199,42,LSL,other,SCD_ONLY,0,1,,C025-W-HO42-J-_E-003-01.PDF
42-LSL2200,42,LSL,other,SCD_ONLY,0,1,,C025-W-HO42-J-_E-003-01.PDF
42-LSL2201,42,LSL,other,SCD_ONLY,0,1,,C025-W-HO42-J-_E-004-01.PDF
42-LSL2210,42,LSL,other,SCD_ONLY,0,1,,C025-W-HO42-J-_E-004-01.PDF
42-LSL42,42,LSL,other,SCD_ONLY,0,1,,C025-W-HO42-J-_E-006-01.PDF
42-PB51,42,PB,other,SCD_ONLY,0,1,,C025-W-HO42-J-_E-006-01.PDF
42-PF52A,42,PF,other,SCD_ONLY,0,1,,C025-W-HO42-J-_E-003-01.PDF
42-PF52B,42,PF,other,SCD_ONLY,0,1,,C025-W-HO42-J-_E-003-01.PDF
42-PI2086,42,PI,indicator,SCD_ONLY,0,1,,C025-W-HO42-J-_E-006-01.PDF
42-PI2092,42,PI,indicator,SCD_ONLY,0,1,,C025-W-HO42-J-_E-006-01.PDF
42-PI42,42,PI,indicator,SCD_ONLY,0,3,,C025-W-HO42-J-_E-003-01.PDF;C025-W-HO42-J-_E-004-01.PDF;C025-W-HO42-J-_E-006-01.PDF
42-PV2092A,42,PV,control_valve,SCD_ONLY,0,1,,C025-W-HO42-J-_E-006-01.PDF
42-PV2092B,42,PV,control_valve,SCD_ONLY,0,1,,C025-W-HO42-J-_E-006-01.PDF
42-PV2126,42,PV,control_valve,SCD_ONLY,0,1,,C025-W-HO42-J-_E-006-01.PDF
42-TB51,42,TB,other,SCD_ONLY,0,1,,C025-W-HO42-J-_E-003-01.PDF
42-TB55,42,TB,other,SCD_ONLY,0,1,,C025-W-HO42-J-_E-003-01.PDF
42-TB56,42,TB,other,SCD_ONLY,0,1,,C025-W-HO42-J-_E-003-01.PDF
42-VL55,42,VL,other,SCD_ONLY,0,1,,C025-W-HO42-J-_E-004-01.PDF
42-VL56,42,VL,other,SCD_ONLY,0,1,,C025-W-HO42-J-_E-006-01.PDF
42-XY0522,42,XY,relay,SCD_ONLY,0,1,,C025-W-HO42-J-_E-006-01.PDF
42-XY2199,42,XY,relay,SCD_ONLY,0,1,,C025-W-HO42-J-_E-003-01.PDF
42-XY2200,42,XY,relay,SCD_ONLY,0,1,,C025-W-HO42-J-_E-003-01.PDF
42-XY2201,42,XY,relay,SCD_ONLY,0,1,,C025-W-HO42-J-_E-004-01.PDF
42-XY42,42,XY,relay,SCD_ONLY,0,1,,C025-W-HO42-J-_E-006-01.PDF
42-ZS0542,42,ZS,position_switch,SCD_ONLY,0,1,,C025-W-HO42-J-_E-006-01.PDF
42-ZS40,42,ZS,position_switch,SCD_ONLY,0,1,,C025-W-HO42-J-_E-003-01.PDF
42-ZS41,42,ZS,position_switch,SCD_ONLY,0,1,,C025-W-HO42-J-_E-003-01.PDF
42-ZS42,42,ZS,position_switch,SCD_ONLY,0,2,,C025-W-HO42-J-_E-003-01.PDF;C025-W-HO42-J-_E-004-01.PDF
43-2001DC,43,DC,other,PID_ONLY,1,0,C025-W-HO20-P-_E-002-01.PDF,
43-2016DC,43,DC,other,PID_ONLY,1,0,C025-W-HO20-P-_E-002-01.PDF,
43-2046VF,43,VF,other,PID_ONLY,1,0,C025-W-HO20-P-_E-001-01.PDF,
43-2047VF,43,VF,other,PID_ONLY,1,0,C025-W-HO20-P-_E-001-01.PDF,
43-4293VF,43,VF,other,PID_ONLY,1,0,C025-V-HO45-P-_F-001-01.PDF,
43-4297VF,43,VF,other,PID_ONLY,1,0,C025-V-HO45-P-_F-001-01.PDF,
43-4505VF,43,VF,other,PID_ONLY,1,0,C025-V-HO27-P-_E-001-01.PDF,
43-4506VF,43,VF,other,PID_ONLY,1,0,C025-V-HO27-P-_E-001-01.PDF,
43-4597VF,43,VF,other,PID_ONLY,1,0,C025-V-HO27-P-_E-002-01.PDF,
43-FC50,43,FC,other,SCD_ONLY,0,1,,C025-W-HO43-J-_E-001-01.PDF
43-FI2004,43,FI,indicator,SCD_ONLY,0,1,,C025-W-HO43-J-_E-001-01.PDF
43-HS2021,43,HS,hand_switch,SCD_ONLY,0,1,,C025-W-HO43-J-_E-001-01.PDF
43-LAHH2001,43,LAHH,other,SCD_ONLY,0,1,,C025-W-HO00-J-_E-020-01.PDF
43-LI2002,43,LI,indicator,SCD_ONLY,0,1,,C025-W-HO43-J-_E-001-01.PDF
43-LIC2003,43,LIC,controller,SCD_ONLY,0,1,,C025-W-HO43-J-_E-001-01.PDF
43-LSL2021,43,LSL,other,SCD_ONLY,0,1,,C025-W-HO43-J-_E-001-01.PDF
43-LSL2038,43,LSL,other,SCD_ONLY,0,1,,C025-W-HO43-J-_E-001-01.PDF
43-LSL2050,43,LSL,other,SCD_ONLY,0,1,,C025-W-HO43-J-_E-001-01.PDF
43-LSL2051,43,LSL,other,SCD_ONLY,0,1,,C025-W-HO43-J-_E-001-01.PDF
43-PA50,43,PA,other,SCD_ONLY,0,1,,C025-W-HO43-J-_E-001-01.PDF
43-PB51,43,PB,other,SCD_ONLY,0,1,,C025-W-HO43-J-_E-001-01.PDF
43-PI2015,43,PI,indicator,SCD_ONLY,0,1,,C025-W-HO43-J-_E-001-01.PDF
43-PI2023,43,PI,indicator,SCD_ONLY,0,1,,C025-W-HO43-J-_E-001-01.PDF
43-TIC2005,43,TIC,controller,SCD_ONLY,0,1,,C025-W-HO43-J-_E-001-01.PDF
43-VD50,43,VD,other,SCD_ONLY,0,1,,C025-W-HO43-J-_E-001-01.PDF
43-XY2029,43,XY,relay,SCD_ONLY,0,1,,C025-W-HO43-J-_E-001-01.PDF
43-XY2038,43,XY,relay,SCD_ONLY,0,1,,C025-W-HO43-J-_E-001-01.PDF
43-XY2050,43,XY,relay,SCD_ONLY,0,1,,C025-W-HO43-J-_E-001-01.PDF
43-XY2051,43,XY,relay,SCD_ONLY,0,1,,C025-W-HO43-J-_E-001-01.PDF
43-ZS10,43,ZS,position_switch,SCD_ONLY,0,1,,C025-W-HO43-J-_E-001-01.PDF
43-ZS12,43,ZS,position_switch,SCD_ONLY,0,1,,C025-W-HO43-J-_E-001-01.PDF
43-ZS13,43,ZS,position_switch,SCD_ONLY,0,1,,C025-W-HO43-J-_E-001-01.PDF
43-ZS14,43,ZS,position_switch,SCD_ONLY,0,1,,C025-W-HO43-J-_E-001-01.PDF
45-4210GF,45,GF,other,PID_ONLY,1,0,C025-V-HO45-P-_F-001-01.PDF,
45-4291GF,45,GF,other,PID_ONLY,1,0,C025-V-HO45-P-_F-001-01.PDF,
45-4295GF,45,GF,other,PID_ONLY,1,0,C025-V-HO45-P-_F-001-01.PDF,
45-4504GF,45,GF,other,PID_ONLY,1,0,C025-V-HO45-P-_F-001-01.PDF,
45-4506GF,45,GF,other,PID_ONLY,1,0,C025-V-HO45-P-_F-001-01.PDF,
45-4520GF,45,GF,other,PID_ONLY,1,0,C025-V-HO45-P-_F-001-01.PDF,
45-ER54A,45,ER,other,SCD_ONLY,0,1,,C025-V-HO45-J-_E-101-01.PDF
45-ER54B,45,ER,other,SCD_ONLY,0,1,,C025-V-HO45-J-_E-102-01.PDF
45-FE54,45,FE,flow_element,SCD_ONLY,0,1,,C025-V-HO45-J-_E-101-01.PDF
45-FE54A,45,FE,flow_element,SCD_ONLY,0,2,,C025-V-HO45-J-_E-101-01.PDF;C025-V-HO82-J-_E-102-01.PDF
45-FE54B,45,FE,flow_element,SCD_ONLY,0,2,,C025-V-HO45-J-_E-102-01.PDF;C025-V-HO82-J-_E-102-01.PDF
45-FE55,45,FE,flow_element,SCD_ONLY,0,1,,C025-V-HO82-J-_E-102-01.PDF
45-FI4810,45,FI,indicator,PID_ONLY,1,0,C025-V-HO45-P-_F-001-01.PDF,
45-HS0848,45,HS,hand_switch,SCD_ONLY,0,2,,C025-V-HO45-J-_E-101-01.PDF;C025-V-HO45-J-_E-102-01.PDF
45-HS4804,45,HS,hand_switch,BOTH,1,1,C025-V-HO45-P-_F-001-01.PDF,C025-V-HO45-J-_E-102-01.PDF
45-HS4805,45,HS,hand_switch,BOTH,1,1,C025-V-HO45-P-_F-001-01.PDF,C025-V-HO45-J-_E-102-01.PDF
45-HS4806,45,HS,hand_switch,SCD_ONLY,0,1,,C025-V-HO45-J-_E-103-01.PDF
45-HS4806A,45,HS,hand_switch,SCD_ONLY,0,1,,C025-V-HO45-J-_E-102-01.PDF
45-HS4820,45,HS,hand_switch,SCD_ONLY,0,1,,C025-V-HO45-J-_E-103-01.PDF
45-HS4821,45,HS,hand_switch,SCD_ONLY,0,1,,C025-V-HO45-J-_E-103-01.PDF
45-HS4822,45,HS,hand_switch,SCD_ONLY,0,1,,C025-V-HO45-J-_E-103-01.PDF
45-HS4823,45,HS,hand_switch,SCD_ONLY,0,1,,C025-V-HO45-J-_E-103-01.PDF
45-HS4824,45,HS,hand_switch,SCD_ONLY,0,1,,C025-V-HO45-J-_E-103-01.PDF
45-HS4825,45,HS,hand_switch,SCD_ONLY,0,1,,C025-V-HO45-J-_E-103-01.PDF
45-HS4829,45,HS,hand_switch,SCD_ONLY,0,1,,C025-V-HO45-J-_E-103-01.PDF
45-HS4830,45,HS,hand_switch,SCD_ONLY,0,1,,C025-V-HO45-J-_E-103-01.PDF
45-HV4824,45,HV,hand_valve,SCD_ONLY,0,2,,C025-V-HO45-J-_E-101-01.PDF;C025-V-HO45-J-_E-103-01.PDF
45-HV4825,45,HV,hand_valve,SCD_ONLY,0,2,,C025-V-HO45-J-_E-102-01.PDF;C025-V-HO45-J-_E-103-01.PDF
45-JB051A,45,JB,other,SCD_ONLY,0,1,,C025-V-HO85-J-_E-101-01.PDF
45-JB051B,45,JB,other,SCD_ONLY,0,1,,C025-V-HO85-J-_E-101-01.PDF
45-JX50,45,JX,other,SCD_ONLY,0,1,,C025-V-HO45-J-_E-102-01.PDF
45-LIC4826,45,LIC,controller,SCD_ONLY,0,1,,C025-V-HO45-J-_E-103-01.PDF
45-LIC4827,45,LIC,controller,SCD_ONLY,0,1,,C025-V-HO45-J-_E-103-01.PDF
45-LIC4828,45,LIC,controller,SCD_ONLY,0,1,,C025-V-HO45-J-_E-103-01.PDF
45-LSL05,45,LSL,other,SCD_ONLY,0,2,,C025-V-HO45-J-_E-101-01.PDF;C025-V-HO45-J-_E-102-01.PDF
45-LSL054,45,LSL,other,SCD_ONLY,0,1,,C025-V-HO45-J-_E-101-01.PDF
45-LSL0548,45,LSL,other,SCD_ONLY,0,1,,C025-V-HO45-J-_E-101-01.PDF
45-LSL4804,45,LSL,other,SCD_ONLY,0,1,,C025-V-HO45-J-_E-102-01.PDF
45-LSL4805,45,LSL,other,SCD_ONLY,0,1,,C025-V-HO45-J-_E-102-01.PDF
45-LSL4806A,45,LSL,other,SCD_ONLY,0,1,,C025-V-HO45-J-_E-102-01.PDF
45-LSL54,45,LSL,other,SCD_ONLY,0,1,,C025-V-HO45-J-_E-101-01.PDF
45-PI4810A,45,PI,indicator,PID_ONLY,1,0,C025-V-HO45-P-_F-001-01.PDF,
45-PI4810B,45,PI,indicator,PID_ONLY,1,0,C025-V-HO45-P-_F-001-01.PDF,
45-PIC4831,45,PIC,controller,SCD_ONLY,0,1,,C025-V-HO45-J-_E-103-01.PDF
45-PSV4832,45,PSV,safety_valve,PID_ONLY,1,0,C025-V-HO45-P-_F-001-01.PDF,
45-PSV4833,45,PSV,safety_valve,PID_ONLY,1,0,C025-V-HO45-P-_F-001-01.PDF,
45-PT4804,45,PT,transmitter,PID_ONLY,1,0,C025-V-HO45-P-_F-001-01.PDF,
45-PT4805,45,PT,transmitter,PID_ONLY,1,0,C025-V-HO45-P-_F-001-01.PDF,
45-PT4831,45,PT,transmitter,PID_ONLY,1,0,C025-V-HO45-P-_F-001-01.PDF,
45-PV4831,45,PV,control_valve,BOTH,1,1,C025-V-HO45-P-_F-001-01.PDF,C025-V-HO45-J-_E-103-01.PDF
45-TDIC4848,45,TDIC,other,SCD_ONLY,0,1,,C025-V-HO45-J-_E-103-01.PDF
45-TDIC4850,45,TDIC,other,SCD_ONLY,0,1,,C025-V-HO45-J-_E-103-01.PDF
45-TI4810A,45,TI,indicator,PID_ONLY,1,0,C025-V-HO45-P-_F-001-01.PDF,
45-TI4810B,45,TI,indicator,PID_ONLY,1,0,C025-V-HO45-P-_F-001-01.PDF,
45-TI4842,45,TI,indicator,SCD_ONLY,0,2,,C025-V-HO45-J-_E-101-01.PDF;C025-V-HO45-J-_E-102-01.PDF
45-TI4848,45,TI,indicator,SCD_ONLY,0,2,,C025-V-HO45-J-_E-101-01.PDF;C025-V-HO45-J-_E-103-01.PDF
45-TI4850,45,TI,indicator,SCD_ONLY,0,2,,C025-V-HO45-J-_E-102-01.PDF;C025-V-HO45-J-_E-103-01.PDF
45-TIC4848,45,TIC,controller,SCD_ONLY,0,1,,C025-V-HO45-J-_E-103-01.PDF
45-TIC4850,45,TIC,controller,SCD_ONLY,0,2,,C025-V-HO45-J-_E-102-01.PDF;C025-V-HO45-J-_E-103-01.PDF
45-TID4850,45,TID,other,SCD_ONLY,0,1,,C025-V-HO45-J-_E-103-01.PDF
45-XA9101A,45,XA,other,SCD_ONLY,0,1,,C025-V-HO45-J-_E-103-01.PDF
45-XA9101B,45,XA,other,SCD_ONLY,0,1,,C025-V-HO45-J-_E-103-01.PDF
45-XA9201,45,XA,other,SCD_ONLY,0,1,,C025-V-HO45-J-_E-103-01.PDF
45-XA9203,45,XA,other,SCD_ONLY,0,1,,C025-V-HO45-J-_E-103-01.PDF
45-XJ50,45,XJ,other,PID_ONLY,1,0,C025-V-HO45-P-_F-001-01.PDF,
45-XL4805,45,XL,other,SCD_ONLY,0,1,,C025-V-HO45-J-_E-103-01.PDF
45-XV4804,45,XV,shutdown_valve,BOTH,1,2,C025-V-HO45-P-_F-001-01.PDF,C025-V-HO45-J-_E-102-01.PDF;C025-V-HO45-J-_E-103-01.PDF
45-XV4805,45,XV,shutdown_valve,BOTH,1,2,C025-V-HO45-P-_F-001-01.PDF,C025-V-HO45-J-_E-102-01.PDF;C025-V-HO45-J-_E-103-01.PDF
45-XV4806,45,XV,shutdown_valve,BOTH,1,2,C025-V-HO45-P-_F-001-01.PDF,C025-V-HO45-J-_E-101-01.PDF;C025-V-HO45-J-_E-102-01.PDF
45-XV4806A,45,XV,shutdown_valve,SCD_ONLY,0,2,,C025-V-HO45-J-_E-102-01.PDF;C025-V-HO45-J-_E-103-01.PDF
45-XV4820,45,XV,shutdown_valve,SCD_ONLY,0,1,,C025-V-HO45-J-_E-101-01.PDF
45-XV4822,45,XV,shutdown_valve,SCD_ONLY,0,1,,C025-V-HO45-J-_E-101-01.PDF
45-XV4823,45,XV,shutdown_valve,SCD_ONLY,0,1,,C025-V-HO45-J-_E-102-01.PDF
45-XV4829,45,XV,shutdown_valve,SCD_ONLY,0,1,,C025-V-HO45-J-_E-101-01.PDF
45-XV4830,45,XV,shutdown_valve,SCD_ONLY,0,1,,C025-V-HO45-J-_E-102-01.PDF
45-XW50,45,XW,other,PID_ONLY,1,0,C025-V-HO45-P-_F-001-01.PDF,
45-XX50,45,XX,other,PID_ONLY,1,0,C025-V-HO45-P-_F-001-01.PDF,
45-XY4804,45,XY,relay,PID_ONLY,1,0,C025-V-HO45-P-_F-001-01.PDF,
45-XY4805,45,XY,relay,PID_ONLY,1,0,C025-V-HO45-P-_F-001-01.PDF,
45-XY4806,45,XY,relay,PID_ONLY,1,0,C025-V-HO45-P-_F-001-01.PDF,
45-XY4806A,45,XY,relay,PID_ONLY,1,0,C025-V-HO45-P-_F-001-01.PDF,
45-XY4806B,45,XY,relay,PID_ONLY,1,0,C025-V-HO45-P-_F-001-01.PDF,
45-XY4845A,45,XY,relay,SCD_ONLY,0,1,,C025-V-HO82-J-_E-102-01.PDF
45-XY4845B,45,XY,relay,SCD_ONLY,0,1,,C025-V-HO82-J-_E-102-01.PDF
45-XY4848,45,XY,relay,SCD_ONLY,0,1,,C025-V-HO45-J-_E-103-01.PDF
45-XY4850,45,XY,relay,SCD_ONLY,0,1,,C025-V-HO45-J-_E-103-01.PDF
45-XY850,45,XY,relay,SCD_ONLY,0,1,,C025-V-HO45-J-_E-103-01.PDF
45-ZL4804,45,ZL,position_indicator,PID_ONLY,1,0,C025-V-HO45-P-_F-001-01.PDF,
45-ZL4805,45,ZL,position_indicator,PID_ONLY,1,0,C025-V-HO45-P-_F-001-01.PDF,
45-ZL4806,45,ZL,position_indicator,PID_ONLY,1,0,C025-V-HO45-P-_F-001-01.PDF,
45-ZS4804,45,ZS,position_switch,PID_ONLY,1,0,C025-V-HO45-P-_F-001-01.PDF,
45-ZS4805,45,ZS,position_switch,PID_ONLY,1,0,C025-V-HO45-P-_F-001-01.PDF,
45-ZS4806,45,ZS,position_switch,PID_ONLY,1,0,C025-V-HO45-P-_F-001-01.PDF,
45-ZSL4809,45,ZSL,other,SCD_ONLY,0,1,,C025-V-HO45-J-_E-102-01.PDF
50-2033WS,50,WS,other,PID_ONLY,1,0,C025-W-HO82-P-_U-001-01.PDF,
50-2035WS,50,WS,other,PID_ONLY,1,0,C025-W-HO82-P-_U-001-01.PDF,
50-2074WS,50,WS,other,PID_ONLY,1,0,C025-W-HO71-P-_W-001-01.PDF,
50-2075WS,50,WS,other,PID_ONLY,1,0,C025-W-HO71-P-_W-001-01.PDF,
50-2076WS,50,WS,other,PID_ONLY,1,0,C025-W-HO71-P-_W-001-01.PDF,
50-2087WS,50,WS,other,PID_ONLY,1,0,C025-W-HO82-P-_U-001-01.PDF,
50-2101WS,50,WS,other,PID_ONLY,1,0,C025-W-HO71-P-_W-001-01.PDF,
50-2102WS,50,WS,other,PID_ONLY,1,0,C025-W-HO71-P-_W-001-01.PDF,
50-2103WS,50,WS,other,PID_ONLY,1,0,C025-W-HO71-P-_W-001-01.PDF,
50-2330WS,50,WS,other,PID_ONLY,1,0,C025-W-HO82-P-_U-001-01.PDF,
50-4550WS,50,WS,other,PID_ONLY,1,0,C025-V-HO27-P-_E-002-01.PDF,
50-4551WS,50,WS,other,PID_ONLY,1,0,C025-V-HO27-P-_E-002-01.PDF,
50-4553WS,50,WS,other,PID_ONLY,1,0,C025-V-HO27-P-_E-002-01.PDF,
50-4554WS,50,WS,other,PID_ONLY,1,0,C025-V-HO27-P-_E-002-01.PDF,
50-4555WS,50,WS,other,PID_ONLY,1,0,C025-V-HO27-P-_E-002-01.PDF,
50-4568WS,50,WS,other,PID_ONLY,1,0,C025-V-HO27-P-_E-002-01.PDF,
50-4575WS,50,WS,other,PID_ONLY,1,0,C025-V-HO27-P-_E-003-01.PDF,
50-4576WS,50,WS,other,PID_ONLY,1,0,C025-V-HO27-P-_E-003-01.PDF,
50-4577WS,50,WS,other,PID_ONLY,1,0,C025-V-HO27-P-_E-003-01.PDF,
50-4580WS,50,WS,other,PID_ONLY,1,0,C025-V-HO27-P-_E-003-01.PDF,
50-4581WS,50,WS,other,PID_ONLY,1,0,C025-V-HO27-P-_E-002-01.PDF,
50-4586WS,50,WS,other,PID_ONLY,1,0,C025-V-HO27-P-_E-002-01.PDF,
50-4588WS,50,WS,other,PID_ONLY,1,0,C025-V-HO27-P-_E-002-01.PDF,
50-4590WS,50,WS,other,PID_ONLY,1,0,C025-V-HO27-P-_E-002-01.PDF,
50-4595WS,50,WS,other,PID_ONLY,1,0,C025-V-HO63-P-_U-001-01.PDF,
50-4596WS,50,WS,other,PID_ONLY,1,0,C025-V-HO63-P-_U-001-01.PDF,
50-FT4807,50,FT,transmitter,SCD_ONLY,0,2,,C025-V-HO27-J-_E-102-01.PDF;C025-V-HO85-J-_E-101-01.PDF
50-FT4810,50,FT,transmitter,SCD_ONLY,0,2,,C025-V-HO27-J-_E-102-01.PDF;C025-V-HO82-J-_E-102-01.PDF
50-FV4810,50,FV,control_valve,SCD_ONLY,0,1,,C025-V-HO27-J-_E-102-01.PDF
50-PA52,50,PA,other,BOTH,2,2,C025-V-HO27-P-_E-002-01.PDF;C025-V-HO27-P-_E-003-01.PDF,C025-V-HO27-J-_E-102-01.PDF;C025-V-HO82-J-_E-102-01.PDF
50-PSE4801A,50,PSE,safety_element,PID_ONLY,1,0,C025-V-HO27-P-_E-002-01.PDF,
50-PSE4801B,50,PSE,safety_element,PID_ONLY,1,0,C025-V-HO27-P-_E-002-01.PDF,
50-PT4802,50,PT,transmitter,SCD_ONLY,0,1,,C025-V-HO27-J-_E-102-01.PDF
50-PT4804,50,PT,transmitter,SCD_ONLY,0,1,,C025-V-HO27-J-_E-102-01.PDF
50-PT4806,50,PT,transmitter,SCD_ONLY,0,1,,C025-V-HO27-J-_E-102-01.PDF
50-PV4809,50,PV,control_valve,SCD_ONLY,0,1,,C025-V-HO27-J-_E-102-01.PDF
50-TG51,50,TG,other,PID_ONLY,1,0,C025-V-HO27-P-_E-002-01.PDF,
50-TIC4808,50,TIC,controller,SCD_ONLY,0,1,,C025-W-HO27-J-_E-001-01.PDF
50-TT4803,50,TT,transmitter,SCD_ONLY,0,1,,C025-V-HO27-J-_E-102-01.PDF
50-TV4808,50,TV,control_valve,PID_ONLY,1,0,C025-V-HO27-P-_E-002-01.PDF,
50-TV4816,50,TV,control_valve,BOTH,1,1,C025-V-HO27-P-_E-002-01.PDF,C025-V-HO27-J-_E-102-01.PDF
50-XS4801,50,XS,other,SCD_ONLY,0,1,,C025-V-HO27-J-_E-102-01.PDF
50-XV4805,50,XV,shutdown_valve,PID_ONLY,1,0,C025-V-HO27-P-_E-002-01.PDF,
50-XY4811,50,XY,relay,SCD_ONLY,0,1,,C025-V-HO82-J-_E-102-01.PDF
53-4545WD,53,WD,other,PID_ONLY,1,0,C025-V-HO27-P-_E-003-01.PDF,
53-EC52,53,EC,other,SCD_ONLY,0,1,,C025-V-HO82-J-_E-103-01.PDF
53-FE052A,53,FE,flow_element,SCD_ONLY,0,1,,C025-V-HO82-J-_E-103-01.PDF
53-GD50,53,GD,other,SCD_ONLY,0,1,,C025-W-HO82-J-_E-003-01.PDF
53-II2085,53,II,other,SCD_ONLY,0,1,,C025-W-HO82-J-_E-003-01.PDF
53-JB50,53,JB,other,SCD_ONLY,0,1,,C025-W-HO85-J-_E-003-01.PDF
53-KI2085,53,KI,other,SCD_ONLY,0,1,,C025-W-HO82-J-_E-003-01.PDF
53-PB50,53,PB,other,SCD_ONLY,0,1,,C025-W-HO82-J-_E-003-01.PDF
53-XY2086,53,XY,relay,SCD_ONLY,0,1,,C025-V-HO82-J-_E-103-01.PDF
56-2002PL,56,PL,other,PID_ONLY,1,0,C025-V-HB20-P-_E-001-01.PDF,
56-2003PL,56,PL,other,PID_ONLY,1,0,C025-V-HA24-P-_E-001-01.PDF,
56-PH50,56,PH,other,SCD_ONLY,0,1,,C025-W-HO43-J-_E-001-01.PDF
57-2000PL,57,PL,other,PID_ONLY,1,0,C025-V-HB20-P-_E-001-01.PDF,
57-2001PL,57,PL,other,PID_ONLY,1,0,C025-V-HA24-P-_E-001-01.PDF,
57-2005DC,57,DC,other,PID_ONLY,1,0,C025-W-HO20-P-_E-002-01.PDF,
57-4552DC,57,DC,other,PID_ONLY,1,0,C025-V-HO45-P-_F-001-01.PDF,
62-2026OF,62,OF,other,PID_ONLY,1,0,C025-W-HO82-P-_U-001-01.PDF,
62-2028OF,62,OF,other,PID_ONLY,1,0,C025-W-HO82-P-_U-001-01.PDF,
62-HS2010,62,HS,hand_switch,SCD_ONLY,0,1,,C025-W-HO62-J-_E-001-01.PDF
62-HS2018,62,HS,hand_switch,SCD_ONLY,0,1,,C025-W-HO62-J-_E-001-01.PDF
62-HS2020,62,HS,hand_switch,SCD_ONLY,0,1,,C025-W-HO62-J-_E-001-01.PDF
62-HS2027,62,HS,hand_switch,SCD_ONLY,0,1,,C025-W-HO62-J-_E-001-01.PDF
62-HS2029,62,HS,hand_switch,SCD_ONLY,0,1,,C025-W-HO62-J-_E-001-01.PDF
62-HS2035,62,HS,hand_switch,SCD_ONLY,0,1,,C025-W-HO62-J-_E-001-01.PDF
62-HS2612,62,HS,hand_switch,SCD_ONLY,0,1,,C025-W-HO62-J-_E-001-01.PDF
62-HS2812,62,HS,hand_switch,SCD_ONLY,0,1,,C025-W-HO62-J-_E-001-01.PDF
62-LI2024,62,LI,indicator,SCD_ONLY,0,1,,C025-W-HO62-J-_E-001-01.PDF
62-LIC2016,62,LIC,controller,SCD_ONLY,0,1,,C025-W-HO62-J-_E-001-01.PDF
62-LIC2025,62,LIC,controller,SCD_ONLY,0,1,,C025-W-HO62-J-_E-001-01.PDF
62-LSL2010,62,LSL,other,SCD_ONLY,0,1,,C025-W-HO62-J-_E-001-01.PDF
62-LSL2035,62,LSL,other,SCD_ONLY,0,1,,C025-W-HO62-J-_E-001-01.PDF
62-LSL2050,62,LSL,other,SCD_ONLY,0,1,,C025-W-HO62-J-_E-001-01.PDF
62-LSL2051,62,LSL,other,SCD_ONLY,0,1,,C025-W-HO62-J-_E-001-01.PDF
62-LSL2612,62,LSL,other,SCD_ONLY,0,1,,C025-W-HO62-J-_E-001-01.PDF
62-LSL2812,62,LSL,other,SCD_ONLY,0,1,,C025-W-HO62-J-_E-001-01.PDF
62-PI2003,62,PI,indicator,SCD_ONLY,0,1,,C025-W-HO62-J-_E-001-01.PDF
62-TA50,62,TA,other,SCD_ONLY,0,1,,C025-W-HO62-J-_E-001-01.PDF
62-XX50,62,XX,other,SCD_ONLY,0,1,,C025-W-HO62-J-_E-001-01.PDF
62-XY2035,62,XY,relay,SCD_ONLY,0,1,,C025-W-HO62-J-_E-001-01.PDF
62-XY2050,62,XY,relay,SCD_ONLY,0,1,,C025-W-HO62-J-_E-001-01.PDF
62-XY2051,62,XY,relay,SCD_ONLY,0,1,,C025-W-HO62-J-_E-001-01.PDF
62-ZS10,62,ZS,position_switch,SCD_ONLY,0,1,,C025-W-HO62-J-_E-001-01.PDF
62-ZS11,62,ZS,position_switch,SCD_ONLY,0,1,,C025-W-HO62-J-_E-001-01.PDF
62-ZS12,62,ZS,position_switch,SCD_ONLY,0,1,,C025-W-HO62-J-_E-001-01.PDF
62-ZS20,62,ZS,position_switch,SCD_ONLY,0,1,,C025-W-HO62-J-_E-001-01.PDF
63-2000AP,63,AP,other,PID_ONLY,1,0,C025-W-HO63-P-_U-005-01.PDF,
63-2001AP,63,AP,other,PID_ONLY,1,0,C025-W-HO63-P-_U-005-01.PDF,
63-2002AP,63,AP,other,PID_ONLY,1,0,C025-W-HO63-P-_U-005-01.PDF,
63-2003AP,63,AP,other,PID_ONLY,1,0,C025-W-HO63-P-_U-005-01.PDF,
63-2004AP,63,AP,other,PID_ONLY,1,0,C025-W-HO63-P-_U-005-01.PDF,
63-2005AP,63,AP,other,PID_ONLY,1,0,C025-W-HO63-P-_U-005-01.PDF,
63-2006AP,63,AP,other,PID_ONLY,1,0,C025-W-HO63-P-_U-005-01.PDF,
63-2007AP,63,AP,other,PID_ONLY,1,0,C025-W-HO63-P-_U-005-01.PDF,
63-2008AP,63,AP,other,PID_ONLY,1,0,C025-W-HO63-P-_U-005-01.PDF,
63-2009AP,63,AP,other,PID_ONLY,1,0,C025-W-HO63-P-_U-005-01.PDF,
63-2010AP,63,AP,other,PID_ONLY,1,0,C025-W-HO63-P-_U-005-01.PDF,
63-2011AP,63,AP,other,PID_ONLY,1,0,C025-W-HO63-P-_U-005-01.PDF,
63-2012AP,63,AP,other,PID_ONLY,1,0,C025-W-HO63-P-_U-005-01.PDF,
63-2013AP,63,AP,other,PID_ONLY,1,0,C025-W-HO63-P-_U-005-01.PDF,
63-2014AP,63,AP,other,PID_ONLY,1,0,C025-W-HO63-P-_U-005-01.PDF,
63-2015AP,63,AP,other,PID_ONLY,1,0,C025-W-HO63-P-_U-005-01.PDF,
63-2016AP,63,AP,other,PID_ONLY,1,0,C025-W-HO63-P-_U-005-01.PDF,
63-2018AP,63,AP,other,PID_ONLY,1,0,C025-W-HO63-P-_U-005-01.PDF,
63-2019AP,63,AP,other,PID_ONLY,1,0,C025-W-HO63-P-_U-005-01.PDF,
63-2020AP,63,AP,other,PID_ONLY,1,0,C025-W-HO63-P-_U-005-01.PDF,
63-2021AP,63,AP,other,PID_ONLY,1,0,C025-W-HO63-P-_U-005-01.PDF,
63-2022AP,63,AP,other,PID_ONLY,1,0,C025-W-HO63-P-_U-005-01.PDF,
63-2023AP,63,AP,other,PID_ONLY,1,0,C025-W-HO63-P-_U-005-01.PDF,
63-2024AP,63,AP,other,PID_ONLY,1,0,C025-W-HO63-P-_U-005-01.PDF,
63-2025AP,63,AP,other,PID_ONLY,1,0,C025-W-HO63-P-_U-005-01.PDF,
63-2026AP,63,AP,other,PID_ONLY,1,0,C025-W-HO63-P-_U-005-01.PDF,
63-2027AP,63,AP,other,PID_ONLY,1,0,C025-W-HO63-P-_U-005-01.PDF,
63-2028AP,63,AP,other,PID_ONLY,1,0,C025-W-HO63-P-_U-005-01.PDF,
63-2029AP,63,AP,other,PID_ONLY,1,0,C025-W-HO63-P-_U-005-01.PDF,
63-2030AP,63,AP,other,PID_ONLY,1,0,C025-W-HO63-P-_U-005-01.PDF,
63-2031AP,63,AP,other,PID_ONLY,1,0,C025-W-HO63-P-_U-005-01.PDF,
63-2033AP,63,AP,other,PID_ONLY,1,0,C025-W-HO63-P-_U-005-01.PDF,
63-2034AP,63,AP,other,PID_ONLY,1,0,C025-W-HO63-P-_U-005-01.PDF,
63-4460AP,63,AP,other,PID_ONLY,1,0,C025-W-HO63-P-_U-005-01.PDF,
63-4461AP,63,AP,other,PID_ONLY,1,0,C025-W-HO63-P-_U-005-01.PDF,
63-4465AP,63,AP,other,PID_ONLY,1,0,C025-W-HO63-P-_U-005-01.PDF,
63-4466AP,63,AP,other,PID_ONLY,1,0,C025-W-HO63-P-_U-005-01.PDF,
63-4467AP,63,AP,other,PID_ONLY,1,0,C025-W-HO63-P-_U-005-01.PDF,
63-4468AP,63,AP,other,PID_ONLY,1,0,C025-W-HO63-P-_U-005-01.PDF,
63-4469AP,63,AP,other,PID_ONLY,1,0,C025-W-HO63-P-_U-005-01.PDF,
63-4474AI,63,AI,other,PID_ONLY,1,0,C025-V-HO63-P-_U-001-01.PDF,
63-4475AI,63,AI,other,PID_ONLY,1,0,C025-V-HO63-P-_U-001-01.PDF,
63-4476AI,63,AI,other,PID_ONLY,1,0,C025-V-HO63-P-_U-001-01.PDF,
63-4477AI,63,AI,other,PID_ONLY,1,0,C025-V-HO63-P-_U-001-01.PDF,
63-4478AI,63,AI,other,PID_ONLY,1,0,C025-V-HO63-P-_U-001-01.PDF,
63-4481AI,63,AI,other,PID_ONLY,1,0,C025-V-HO63-P-_U-001-01.PDF,
63-4482AI,63,AI,other,PID_ONLY,1,0,C025-V-HO63-P-_U-001-01.PDF,
63-EC051,63,EC,other,SCD_ONLY,0,1,,C025-V-HO82-J-_E-102-01.PDF
63-HS2005,63,HS,hand_switch,PID_ONLY,1,0,C025-W-HO63-P-_U-005-01.PDF,
63-JX051,63,JX,other,PID_ONLY,1,0,C025-V-HO63-P-_U-001-01.PDF,
63-JX053,63,JX,other,PID_ONLY,1,0,C025-V-HO63-P-_U-001-01.PDF,
63-JX057,63,JX,other,PID_ONLY,1,0,C025-V-HO63-P-_U-001-01.PDF,
63-KC051,63,KC,other,BOTH,1,1,C025-V-HO63-P-_U-001-01.PDF,C025-V-HO82-J-_E-102-01.PDF
63-SI3120,63,SI,speed_vibration,PID_ONLY,1,0,C025-W-HO63-P-_U-005-01.PDF,
63-SI4218,63,SI,speed_vibration,PID_ONLY,1,0,C025-W-HO63-P-_U-005-01.PDF,
63-VK050,63,VK,other,SCD_ONLY,0,1,,C025-V-HO82-J-_E-102-01.PDF
63-VX58,63,VX,other,PID_ONLY,1,0,C025-W-HO20-P-_E-002-01.PDF,
63-XV2005,63,XV,shutdown_valve,PID_ONLY,1,0,C025-W-HO63-P-_U-005-01.PDF,
63-XV4800,63,XV,shutdown_valve,SCD_ONLY,0,1,,C025-V-HO27-J-_E-101-01.PDF
63-XY2005,63,XY,relay,PID_ONLY,1,0,C025-W-HO63-P-_U-005-01.PDF,
63-XY4850,63,XY,relay,SCD_ONLY,0,1,,C025-V-HO82-J-_E-102-01.PDF
63-ZL2005,63,ZL,position_indicator,PID_ONLY,1,0,C025-W-HO63-P-_U-005-01.PDF,
63-ZS2005,63,ZS,position_switch,PID_ONLY,1,0,C025-W-HO63-P-_U-005-01.PDF,
64-2008GI,64,GI,other,PID_ONLY,1,0,C025-W-HO64-P-_U-001-01.PDF,
64-2009GI,64,GI,other,PID_ONLY,1,0,C025-W-HO64-P-_U-001-01.PDF,
64-2010GI,64,GI,other,PID_ONLY,1,0,C025-W-HO64-P-_U-001-01.PDF,
64-2011GI,64,GI,other,PID_ONLY,1,0,C025-W-HO64-P-_U-001-01.PDF,
64-2012GI,64,GI,other,PID_ONLY,1,0,C025-W-HO64-P-_U-001-01.PDF,
64-2013GI,64,GI,other,PID_ONLY,1,0,C025-W-HO64-P-_U-001-01.PDF,
64-2014GI,64,GI,other,PID_ONLY,1,0,C025-W-HO64-P-_U-001-01.PDF,
64-2016GI,64,GI,other,PID_ONLY,1,0,C025-W-HO64-P-_U-001-01.PDF,
64-2017GI,64,GI,other,PID_ONLY,1,0,C025-W-HO64-P-_U-001-01.PDF,
64-2018GI,64,GI,other,PID_ONLY,1,0,C025-W-HO64-P-_U-001-01.PDF,
64-2019GI,64,GI,other,PID_ONLY,1,0,C025-W-HO64-P-_U-001-01.PDF,
64-2027GI,64,GI,other,PID_ONLY,1,0,C025-W-HO64-P-_U-001-01.PDF,
64-2028GI,64,GI,other,PID_ONLY,1,0,C025-W-HO64-P-_U-001-01.PDF,
64-2029GI,64,GI,other,PID_ONLY,1,0,C025-W-HO64-P-_U-001-01.PDF,
64-2030GI,64,GI,other,PID_ONLY,1,0,C025-W-HO64-P-_U-001-01.PDF,
64-2031GI,64,GI,other,PID_ONLY,1,0,C025-W-HO64-P-_U-001-01.PDF,
64-2032GI,64,GI,other,PID_ONLY,1,0,C025-W-HO64-P-_U-001-01.PDF,
64-2034GI,64,GI,other,PID_ONLY,1,0,C025-W-HO64-P-_U-001-01.PDF,
64-2035GI,64,GI,other,PID_ONLY,1,0,C025-W-HO64-P-_U-001-01.PDF,
64-2036GI,64,GI,other,PID_ONLY,1,0,C025-W-HO64-P-_U-001-01.PDF,
64-2038GI,64,GI,other,PID_ONLY,1,0,C025-W-HO64-P-_U-001-01.PDF,
64-2039GI,64,GI,other,PID_ONLY,1,0,C025-W-HO64-P-_U-001-01.PDF,
64-2040GI,64,GI,other,PID_ONLY,1,0,C025-W-HO64-P-_U-001-01.PDF,
64-2044GI,64,GI,other,PID_ONLY,1,0,C025-W-HO64-P-_U-001-01.PDF,
64-2045GI,64,GI,other,PID_ONLY,1,0,C025-W-HO64-P-_U-001-01.PDF,
64-2046GI,64,GI,other,PID_ONLY,1,0,C025-W-HO64-P-_U-001-01.PDF,
64-2047GI,64,GI,other,PID_ONLY,1,0,C025-W-HO64-P-_U-001-01.PDF,
64-2049GI,64,GI,other,PID_ONLY,1,0,C025-W-HO64-P-_U-001-01.PDF,
64-2050GI,64,GI,other,PID_ONLY,1,0,C025-W-HO64-P-_U-001-01.PDF,
64-2051GI,64,GI,other,PID_ONLY,1,0,C025-W-HO64-P-_U-001-01.PDF,
64-2052GI,64,GI,other,PID_ONLY,1,0,C025-W-HO64-P-_U-001-01.PDF,
64-2053GI,64,GI,other,PID_ONLY,1,0,C025-W-HO64-P-_U-001-01.PDF,
64-2054GI,64,GI,other,PID_ONLY,1,0,C025-W-HO64-P-_U-001-01.PDF,
64-2055GI,64,GI,other,PID_ONLY,1,0,C025-W-HO64-P-_U-001-01.PDF,
64-2984GI,64,GI,other,PID_ONLY,1,0,C025-W-HO64-P-_U-001-01.PDF,
64-2993GI,64,GI,other,PID_ONLY,1,0,C025-W-HO64-P-_U-001-01.PDF,
64-4462GI,64,GI,other,PID_ONLY,1,0,C025-W-HO64-P-_U-001-01.PDF,
64-4463GI,64,GI,other,PID_ONLY,1,0,C025-W-HO64-P-_U-001-01.PDF,
64-4464GI,64,GI,other,PID_ONLY,1,0,C025-W-HO64-P-_U-001-01.PDF,
64-4470GI,64,GI,other,PID_ONLY,1,0,C025-W-HO64-P-_U-001-01.PDF,
64-4471GI,64,GI,other,PID_ONLY,1,0,C025-W-HO64-P-_U-001-01.PDF,
64-4472GI,64,GI,other,PID_ONLY,1,0,C025-W-HO64-P-_U-001-01.PDF,
64-4473GI,64,GI,other,PID_ONLY,1,0,C025-W-HO64-P-_U-001-01.PDF,
64-CB51,64,CB,other,PID_ONLY,1,0,C025-W-HO64-P-_U-001-01.PDF,
64-CV51A,64,CV,other,SCD_ONLY,0,1,,C025-V-HO64-J-_E-101-01.PDF
64-CV51B,64,CV,other,SCD_ONLY,0,1,,C025-V-HO64-J-_E-101-01.PDF
64-FE050,64,FE,flow_element,SCD_ONLY,0,1,,C025-V-HO82-J-_E-102-01.PDF
64-FE052,64,FE,flow_element,SCD_ONLY,0,1,,C025-V-HO82-J-_E-102-01.PDF
64-FE52A,64,FE,flow_element,SCD_ONLY,0,1,,C025-V-HO82-J-_E-102-01.PDF
64-FE52B,64,FE,flow_element,SCD_ONLY,0,1,,C025-V-HO82-J-_E-102-01.PDF
64-FE53A,64,FE,flow_element,SCD_ONLY,0,1,,C025-V-HO82-J-_E-102-01.PDF
64-FE53B,64,FE,flow_element,SCD_ONLY,0,1,,C025-V-HO82-J-_E-102-01.PDF
64-FI2004A,64,FI,indicator,PID_ONLY,1,0,C025-W-HO64-P-_U-001-01.PDF,
64-FT2004,64,FT,transmitter,PID_ONLY,1,0,C025-W-HO64-P-_U-001-01.PDF,
64-FY2004,64,FY,relay,PID_ONLY,1,0,C025-W-HO64-P-_U-001-01.PDF,
64-HS2002,64,HS,hand_switch,PID_ONLY,1,0,C025-W-HO64-P-_U-001-01.PDF,
64-HS2003,64,HS,hand_switch,PID_ONLY,1,0,C025-W-HO64-P-_U-001-01.PDF,
64-KB50A,64,KB,other,SCD_ONLY,0,1,,C025-V-HO82-J-_E-102-01.PDF
64-KB50B,64,KB,other,SCD_ONLY,0,1,,C025-V-HO82-J-_E-102-01.PDF
64-PA2041,64,PA,other,PID_ONLY,1,0,C025-W-HO64-P-_U-001-01.PDF,
64-PI2040,64,PI,indicator,PID_ONLY,1,0,C025-W-HO64-P-_U-001-01.PDF,
64-PI2043,64,PI,indicator,PID_ONLY,1,0,C025-W-HO64-P-_U-001-01.PDF,
64-PSV2044,64,PSV,safety_valve,PID_ONLY,1,0,C025-W-HO64-P-_U-001-01.PDF,
64-PT2002,64,PT,transmitter,PID_ONLY,1,0,C025-W-HO64-P-_U-001-01.PDF,
64-PT2041,64,PT,transmitter,PID_ONLY,1,0,C025-W-HO64-P-_U-001-01.PDF,
64-SI3102,64,SI,speed_vibration,PID_ONLY,1,0,C025-W-HO64-P-_U-001-01.PDF,
64-SI3147,64,SI,speed_vibration,PID_ONLY,1,0,C025-W-HO64-P-_U-001-01.PDF,
64-SI4217,64,SI,speed_vibration,PID_ONLY,1,0,C025-W-HO64-P-_U-001-01.PDF,
64-VX50,64,VX,other,PID_ONLY,1,0,C025-V-HO64-P-_U-001-01.PDF,
64-XV2002,64,XV,shutdown_valve,PID_ONLY,1,0,C025-W-HO64-P-_U-001-01.PDF,
64-XV2003,64,XV,shutdown_valve,PID_ONLY,1,0,C025-W-HO64-P-_U-001-01.PDF,
64-XX50,64,XX,other,PID_ONLY,1,0,C025-W-HO64-P-_U-001-01.PDF,
64-XX52,64,XX,other,PID_ONLY,1,0,C025-V-HO64-P-_U-001-01.PDF,
64-XY2002,64,XY,relay,PID_ONLY,1,0,C025-W-HO64-P-_U-001-01.PDF,
64-XY2003,64,XY,relay,PID_ONLY,1,0,C025-W-HO64-P-_U-001-01.PDF,
64-XY4008A,64,XY,relay,SCD_ONLY,0,1,,C025-V-HO82-J-_E-102-01.PDF
64-XY4008B,64,XY,relay,SCD_ONLY,0,1,,C025-V-HO82-J-_E-102-01.PDF
64-XY4013A,64,XY,relay,SCD_ONLY,0,1,,C025-V-HO82-J-_E-102-01.PDF
64-XY4013B,64,XY,relay,SCD_ONLY,0,1,,C025-V-HO82-J-_E-102-01.PDF
64-XY4030A,64,XY,relay,SCD_ONLY,0,1,,C025-V-HO82-J-_E-102-01.PDF
64-XY4030B,64,XY,relay,SCD_ONLY,0,1,,C025-V-HO82-J-_E-102-01.PDF
64-XY4032,64,XY,relay,SCD_ONLY,0,1,,C025-V-HO82-J-_E-102-01.PDF
64-XY4042,64,XY,relay,SCD_ONLY,0,1,,C025-V-HO82-J-_E-102-01.PDF
64-ZL2002,64,ZL,position_indicator,PID_ONLY,1,0,C025-W-HO64-P-_U-001-01.PDF,
64-ZL2003,64,ZL,position_indicator,PID_ONLY,1,0,C025-W-HO64-P-_U-001-01.PDF,
64-ZS2002,64,ZS,position_switch,PID_ONLY,1,0,C025-W-HO64-P-_U-001-01.PDF,
64-ZS2003,64,ZS,position_switch,PID_ONLY,1,0,C025-W-HO64-P-_U-001-01.PDF,
65-JX42,65,JX,other,PID_ONLY,1,0,C025-W-HO65-P-_U-002-01.PDF,
65-JX43,65,JX,other,PID_ONLY,1,0,C025-W-HO65-P-_U-002-01.PDF,
65-JX44,65,JX,other,PID_ONLY,1,0,C025-W-HO65-P-_U-002-01.PDF,
65-JX45,65,JX,other,PID_ONLY,1,0,C025-W-HO65-P-_U-002-01.PDF,
65-JX48,65,JX,other,PID_ONLY,1,0,C025-W-HO65-P-_U-002-01.PDF,
65-JX49,65,JX,other,PID_ONLY,1,0,C025-W-HO65-P-_U-002-01.PDF,
65-JX50,65,JX,other,PID_ONLY,1,0,C025-W-HO65-P-_U-002-01.PDF,
65-JX51,65,JX,other,PID_ONLY,1,0,C025-W-HO65-P-_U-002-01.PDF,
69-2001OL,69,OL,other,PID_ONLY,1,0,C025-W-HO82-P-_U-001-01.PDF,
69-2003OL,69,OL,other,PID_ONLY,1,0,C025-W-HO82-P-_U-001-01.PDF,
69-2005OL,69,OL,other,PID_ONLY,1,0,C025-W-HO82-P-_U-001-01.PDF,
69-2007OL,69,OL,other,PID_ONLY,1,0,C025-W-HO82-P-_U-001-01.PDF,
69-4600OL,69,OL,other,PID_ONLY,1,0,C025-V-HO27-P-_E-003-01.PDF,
69-4605OL,69,OL,other,PID_ONLY,1,0,C025-V-HO27-P-_E-003-01.PDF,
69-4606OL,69,OL,other,PID_ONLY,1,0,C025-V-HO27-P-_E-003-01.PDF,
70-XS2002A,70,XS,other,SCD_ONLY,0,2,,C025-W-HO00-J-_E-020-01.PDF;C025-W-HO85-J-_E-001-01.PDF
70-XS2003A,70,XS,other,SCD_ONLY,0,1,,C025-W-HO85-J-_E-001-01.PDF
70-XS2112B,70,XS,other,SCD_ONLY,0,1,,C025-W-HO00-J-_E-020-01.PDF
71-2001WF,71,WF,other,PID_ONLY,1,0,C025-W-HO71-P-_W-001-01.PDF,
71-2002WF,71,WF,other,PID_ONLY,1,0,C025-W-HO71-P-_W-001-01.PDF,
71-2003WF,71,WF,other,PID_ONLY,1,0,C025-W-HO71-P-_W-001-01.PDF,
71-2004WF,71,WF,other,PID_ONLY,1,0,C025-W-HO71-P-_W-001-01.PDF,
71-2006WF,71,WF,other,PID_ONLY,1,0,C025-W-HO71-P-_W-001-01.PDF,
71-2007WF,71,WF,other,PID_ONLY,1,0,C025-W-HO71-P-_W-001-01.PDF,
71-2010WF,71,WF,other,PID_ONLY,1,0,C025-W-HO71-P-_W-001-01.PDF,
71-2011WF,71,WF,other,PID_ONLY,1,0,C025-W-HO71-P-_W-001-01.PDF,
71-2012WF,71,WF,other,PID_ONLY,1,0,C025-W-HO71-P-_W-001-01.PDF,
71-2013WF,71,WF,other,PID_ONLY,1,0,C025-W-HO71-P-_W-001-01.PDF,
71-2014WF,71,WF,other,PID_ONLY,1,0,C025-W-HO71-P-_W-001-01.PDF,
71-2015WF,71,WF,other,PID_ONLY,1,0,C025-W-HO71-P-_W-001-01.PDF,
71-2016WF,71,WF,other,PID_ONLY,1,0,C025-W-HO71-P-_W-001-01.PDF,
71-2017WF,71,WF,other,PID_ONLY,1,0,C025-W-HO71-P-_W-001-01.PDF,
71-2022WF,71,WF,other,PID_ONLY,1,0,C025-W-HO71-P-_W-001-01.PDF,
71-4498WF,71,WF,other,PID_ONLY,1,0,C025-W-HO71-P-_W-001-01.PDF,
71-FE067,71,FE,flow_element,SCD_ONLY,0,1,,C025-V-HO82-J-_E-102-01.PDF
71-FO2002,71,FO,restriction_orifice,PID_ONLY,1,0,C025-W-HO71-P-_W-001-01.PDF,
71-FO2003,71,FO,restriction_orifice,PID_ONLY,1,0,C025-W-HO71-P-_W-001-01.PDF,
71-FO2004,71,FO,restriction_orifice,PID_ONLY,1,0,C025-W-HO71-P-_W-001-01.PDF,
71-FO2005,71,FO,restriction_orifice,PID_ONLY,1,0,C025-W-HO71-P-_W-001-01.PDF,
71-FO2017,71,FO,restriction_orifice,PID_ONLY,1,0,C025-W-HO71-P-_W-001-01.PDF,
71-GK102A,71,GK,other,SCD_ONLY,0,1,,C025-V-HO82-J-_E-103-01.PDF
71-HS2015,71,HS,hand_switch,PID_ONLY,1,0,C025-W-HO71-P-_W-001-01.PDF,
71-HS2016,71,HS,hand_switch,PID_ONLY,1,0,C025-W-HO71-P-_W-001-01.PDF,
71-PI2006,71,PI,indicator,PID_ONLY,1,0,C025-W-HO71-P-_W-001-01.PDF,
71-PI2012,71,PI,indicator,PID_ONLY,1,0,C025-W-HO71-P-_W-001-01.PDF,
71-PI2013,71,PI,indicator,PID_ONLY,1,0,C025-W-HO71-P-_W-001-01.PDF,
71-PI2015,71,PI,indicator,PID_ONLY,1,0,C025-W-HO71-P-_W-001-01.PDF,
71-PI2016,71,PI,indicator,PID_ONLY,1,0,C025-W-HO71-P-_W-001-01.PDF,
71-PSV2015,71,PSV,safety_valve,PID_ONLY,1,0,C025-W-HO71-P-_W-001-01.PDF,
71-PSV2016,71,PSV,safety_valve,PID_ONLY,1,0,C025-W-HO71-P-_W-001-01.PDF,
71-PT07,71,PT,transmitter,PID_ONLY,1,0,C025-W-HO71-P-_W-001-01.PDF,
71-PT2014,71,PT,transmitter,PID_ONLY,1,0,C025-W-HO71-P-_W-001-01.PDF,
71-SI3103,71,SI,speed_vibration,PID_ONLY,1,0,C025-W-HO71-P-_W-001-01.PDF,
71-SI3203,71,SI,speed_vibration,PID_ONLY,1,0,C025-W-HO71-P-_W-001-01.PDF,
71-SM056,71,SM,other,PID_ONLY,2,0,C025-V-HO71-P-_W-001-01.PDF;C025-W-HO71-P-_W-001-01.PDF,
71-SM50,71,SM,other,PID_ONLY,1,0,C025-W-HO71-P-_W-001-01.PDF,
71-SM51A,71,SM,other,PID_ONLY,1,0,C025-W-HO71-P-_W-001-01.PDF,
71-SM51B,71,SM,other,PID_ONLY,1,0,C025-W-HO71-P-_W-001-01.PDF,
71-SM52A,71,SM,other,PID_ONLY,1,0,C025-W-HO71-P-_W-001-01.PDF,
71-SM52B,71,SM,other,PID_ONLY,1,0,C025-W-HO71-P-_W-001-01.PDF,
71-SM52C,71,SM,other,PID_ONLY,1,0,C025-W-HO71-P-_W-001-01.PDF,
71-SM52D,71,SM,other,PID_ONLY,1,0,C025-W-HO71-P-_W-001-01.PDF,
71-SM52E,71,SM,other,PID_ONLY,1,0,C025-W-HO71-P-_W-001-01.PDF,
71-SM52F,71,SM,other,PID_ONLY,1,0,C025-W-HO71-P-_W-001-01.PDF,
71-SM52G,71,SM,other,PID_ONLY,1,0,C025-W-HO71-P-_W-001-01.PDF,
71-SM52H,71,SM,other,PID_ONLY,1,0,C025-W-HO71-P-_W-001-01.PDF,
71-SM52J,71,SM,other,PID_ONLY,1,0,C025-W-HO71-P-_W-001-01.PDF,
71-SM52K,71,SM,other,PID_ONLY,1,0,C025-W-HO71-P-_W-001-01.PDF,
71-SM52L,71,SM,other,PID_ONLY,1,0,C025-W-HO71-P-_W-001-01.PDF,
71-SM52M,71,SM,other,PID_ONLY,1,0,C025-W-HO71-P-_W-001-01.PDF,
71-SM52N,71,SM,other,PID_ONLY,1,0,C025-W-HO71-P-_W-001-01.PDF,
71-SM53A,71,SM,other,PID_ONLY,1,0,C025-W-HO71-P-_W-001-01.PDF,
71-SM53B,71,SM,other,PID_ONLY,1,0,C025-W-HO71-P-_W-001-01.PDF,
71-SM53C,71,SM,other,PID_ONLY,1,0,C025-W-HO71-P-_W-001-01.PDF,
71-SM53D,71,SM,other,PID_ONLY,1,0,C025-W-HO71-P-_W-001-01.PDF,
71-VW015,71,VW,other,PID_ONLY,1,0,C025-W-HO71-P-_W-001-01.PDF,
71-VW016,71,VW,other,PID_ONLY,1,0,C025-W-HO71-P-_W-001-01.PDF,
71-XS2051,71,XS,other,SCD_ONLY,0,1,,C025-W-HO85-J-_E-001-01.PDF
71-XS2051A,71,XS,other,SCD_ONLY,0,1,,C025-W-HO85-J-_E-001-01.PDF
71-XS2051B,71,XS,other,SCD_ONLY,0,1,,C025-W-HO85-J-_E-001-01.PDF
71-XY2015,71,XY,relay,PID_ONLY,1,0,C025-W-HO71-P-_W-001-01.PDF,
72-CX50,72,CX,other,PID_ONLY,1,0,C025-V-HO27-P-_E-003-01.PDF,
73-EC50,73,EC,other,SCD_ONLY,0,1,,C025-W-HO82-J-_E-003-01.PDF
73-MA50,73,MA,other,SCD_ONLY,0,1,,C025-W-HO82-J-_E-002-01.PDF
74-EC50,74,EC,other,SCD_ONLY,0,1,,C025-V-HO82-J-_E-103-01.PDF
74-FE94,74,FE,flow_element,SCD_ONLY,0,1,,C025-V-HO82-J-_E-103-01.PDF
75-SK50,75,SK,other,PID_ONLY,1,0,C025-W-HO71-P-_W-001-01.PDF,
75-SK51,75,SK,other,PID_ONLY,1,0,C025-W-HO71-P-_W-001-01.PDF,
76-CT50,76,CT,other,SCD_ONLY,0,1,,C025-W-HO82-J-_E-003-01.PDF
76-ET054,76,ET,other,SCD_ONLY,0,1,,C025-W-HO82-J-_E-002-01.PDF
76-ET53,76,ET,other,SCD_ONLY,0,1,,C025-V-HO82-J-_E-103-01.PDF
76-MB50,76,MB,other,SCD_ONLY,0,1,,C025-W-HO82-J-_E-003-01.PDF
77-EC50,77,EC,other,SCD_ONLY,0,1,,C025-V-HO82-J-_E-103-01.PDF
77-FE101,77,FE,flow_element,SCD_ONLY,0,2,,C025-V-HO77-J-_E-102-01.PDF;C025-V-HO82-J-_E-103-01.PDF
77-FE103,77,FE,flow_element,SCD_ONLY,0,2,,C025-V-HO77-J-_E-104-01.PDF;C025-V-HO82-J-_E-102-01.PDF
77-FE110,77,FE,flow_element,SCD_ONLY,0,2,,C025-V-HO77-J-_E-105-01.PDF;C025-W-HO82-J-_E-002-01.PDF
77-FSH20,77,FSH,other,SCD_ONLY,0,1,,C025-V-HO77-J-_E-105-01.PDF
77-GA53,77,GA,other,PID_ONLY,1,0,C025-V-HO63-P-_U-001-01.PDF,
77-GE103,77,GE,other,SCD_ONLY,0,1,,C025-V-HO77-J-_E-104-01.PDF
77-GE153,77,GE,other,SCD_ONLY,0,1,,C025-V-HO77-J-_E-104-01.PDF
77-GE158,77,GE,other,SCD_ONLY,0,1,,C025-V-HO77-J-_E-104-01.PDF
77-GJ50,77,GJ,other,SCD_ONLY,0,1,,C025-W-HO77-J-_E-001-01.PDF
77-GJ56,77,GJ,other,SCD_ONLY,0,1,,C025-W-HO77-J-_E-001-01.PDF
77-GJ57,77,GJ,other,SCD_ONLY,0,1,,C025-W-HO77-J-_E-001-01.PDF
77-GK102A,77,GK,other,SCD_ONLY,0,2,,C025-V-HO77-J-_E-102-01.PDF;C025-V-HO82-J-_E-103-01.PDF
77-GK102B,77,GK,other,SCD_ONLY,0,2,,C025-V-HO77-J-_E-102-01.PDF;C025-V-HO82-J-_E-103-01.PDF
77-GK110A,77,GK,other,SCD_ONLY,0,1,,C025-V-HO77-J-_E-105-01.PDF
77-GK110B,77,GK,other,SCD_ONLY,0,1,,C025-V-HO77-J-_E-105-01.PDF
77-GK50A,77,GK,other,SCD_ONLY,0,1,,C025-W-HO77-J-_E-001-01.PDF
77-GK50B,77,GK,other,SCD_ONLY,0,1,,C025-W-HO77-J-_E-001-01.PDF
77-GK52B,77,GK,other,SCD_ONLY,0,1,,C025-W-HO77-J-_E-001-01.PDF
77-GK71A,77,GK,other,SCD_ONLY,0,2,,C025-V-HO77-J-_E-102-01.PDF;C025-V-HO82-J-_E-103-01.PDF
77-GK71B,77,GK,other,SCD_ONLY,0,2,,C025-V-HO77-J-_E-102-01.PDF;C025-V-HO82-J-_E-103-01.PDF
77-GK81A,77,GK,other,SCD_ONLY,0,2,,C025-V-HO77-J-_E-104-01.PDF;C025-V-HO82-J-_E-102-01.PDF
77-GK81B,77,GK,other,SCD_ONLY,0,2,,C025-V-HO77-J-_E-104-01.PDF;C025-V-HO82-J-_E-102-01.PDF
77-GK82A,77,GK,other,SCD_ONLY,0,2,,C025-V-HO77-J-_E-104-01.PDF;C025-V-HO82-J-_E-102-01.PDF
77-GK82B,77,GK,other,SCD_ONLY,0,2,,C025-V-HO77-J-_E-104-01.PDF;C025-V-HO82-J-_E-102-01.PDF
77-GS085,77,GS,other,SCD_ONLY,0,1,,C025-V-HO77-J-_E-104-01.PDF
77-GS086,77,GS,other,SCD_ONLY,0,1,,C025-V-HO77-J-_E-104-01.PDF
77-GS087,77,GS,other,SCD_ONLY,0,1,,C025-V-HO77-J-_E-104-01.PDF
77-GS71,77,GS,other,SCD_ONLY,0,1,,C025-V-HO77-J-_E-102-01.PDF
77-GS72,77,GS,other,SCD_ONLY,0,1,,C025-V-HO77-J-_E-102-01.PDF
77-GS73,77,GS,other,SCD_ONLY,0,1,,C025-V-HO77-J-_E-102-01.PDF
77-GS74,77,GS,other,SCD_ONLY,0,1,,C025-V-HO77-J-_E-102-01.PDF
77-GS81,77,GS,other,SCD_ONLY,0,1,,C025-V-HO77-J-_E-104-01.PDF
77-GS82,77,GS,other,SCD_ONLY,0,1,,C025-V-HO77-J-_E-104-01.PDF
77-GS83,77,GS,other,SCD_ONLY,0,1,,C025-V-HO77-J-_E-104-01.PDF
77-GS84,77,GS,other,SCD_ONLY,0,1,,C025-V-HO77-J-_E-104-01.PDF
77-GX110,77,GX,other,SCD_ONLY,0,2,,C025-V-HO77-J-_E-105-01.PDF;C025-W-HO82-J-_E-002-01.PDF
77-HS9000H,77,HS,hand_switch,SCD_ONLY,0,1,,C025-V-HO77-J-_E-105-01.PDF
77-HS9100L,77,HS,hand_switch,SCD_ONLY,0,1,,C025-V-HO77-J-_E-102-01.PDF
77-HS9200L,77,HS,hand_switch,SCD_ONLY,0,1,,C025-V-HO77-J-_E-104-01.PDF
77-LSL03,77,LSL,other,SCD_ONLY,0,1,,C025-W-HO77-J-_E-001-01.PDF
77-LSL07,77,LSL,other,SCD_ONLY,0,1,,C025-W-HO77-J-_E-001-01.PDF
77-LSL20,77,LSL,other,SCD_ONLY,0,1,,C025-V-HO77-J-_E-105-01.PDF
77-LSL2003,77,LSL,other,SCD_ONLY,0,1,,C025-W-HO77-J-_E-001-01.PDF
77-LSL2006,77,LSL,other,SCD_ONLY,0,1,,C025-W-HO77-J-_E-001-01.PDF
77-LSL2015,77,LSL,other,SCD_ONLY,0,1,,C025-W-HO77-J-_E-001-01.PDF
77-LSL2018,77,LSL,other,SCD_ONLY,0,1,,C025-W-HO77-J-_E-001-01.PDF
77-LSL2022,77,LSL,other,SCD_ONLY,0,1,,C025-W-HO77-J-_E-001-01.PDF
77-LSL2026,77,LSL,other,SCD_ONLY,0,1,,C025-W-HO77-J-_E-001-01.PDF
77-LSL2027,77,LSL,other,SCD_ONLY,0,1,,C025-W-HO77-J-_E-001-01.PDF
77-LSL2031,77,LSL,other,SCD_ONLY,0,1,,C025-W-HO77-J-_E-001-01.PDF
77-LSL2032,77,LSL,other,SCD_ONLY,0,1,,C025-W-HO77-J-_E-001-01.PDF
77-LSL82,77,LSL,other,SCD_ONLY,0,1,,C025-V-HO77-J-_E-105-01.PDF
77-PDI2005,77,PDI,indicator,SCD_ONLY,0,1,,C025-W-HO77-J-_E-001-01.PDF
77-SI93,77,SI,speed_vibration,SCD_ONLY,0,1,,C025-V-HO77-J-_E-105-01.PDF
77-TIC2004,77,TIC,controller,SCD_ONLY,0,1,,C025-W-HO77-J-_E-001-01.PDF
77-TV2004,77,TV,control_valve,SCD_ONLY,0,1,,C025-W-HO77-J-_E-001-01.PDF
77-XA9101,77,XA,other,SCD_ONLY,0,1,,C025-V-HO77-J-_E-102-01.PDF
77-XA9102,77,XA,other,SCD_ONLY,0,1,,C025-V-HO77-J-_E-102-01.PDF
77-XA9103,77,XA,other,SCD_ONLY,0,1,,C025-V-HO77-J-_E-102-01.PDF
77-XA9104,77,XA,other,SCD_ONLY,0,1,,C025-V-HO77-J-_E-102-01.PDF
77-XA9201,77,XA,other,SCD_ONLY,0,1,,C025-V-HO77-J-_E-104-01.PDF
77-XA9202,77,XA,other,SCD_ONLY,0,1,,C025-V-HO77-J-_E-104-01.PDF
77-XA9203,77,XA,other,SCD_ONLY,0,1,,C025-V-HO77-J-_E-104-01.PDF
77-XA9204,77,XA,other,SCD_ONLY,0,1,,C025-V-HO77-J-_E-104-01.PDF
77-XA9205,77,XA,other,SCD_ONLY,0,1,,C025-V-HO77-J-_E-104-01.PDF
77-XA9206,77,XA,other,SCD_ONLY,0,1,,C025-V-HO77-J-_E-104-01.PDF
77-XA9207,77,XA,other,SCD_ONLY,0,1,,C025-V-HO77-J-_E-104-01.PDF
77-XY01,77,XY,relay,SCD_ONLY,0,1,,C025-W-HO77-J-_E-001-01.PDF
77-XY2003,77,XY,relay,SCD_ONLY,0,1,,C025-W-HO77-J-_E-001-01.PDF
77-XY2006,77,XY,relay,SCD_ONLY,0,1,,C025-W-HO77-J-_E-001-01.PDF
77-XY2015,77,XY,relay,SCD_ONLY,0,1,,C025-W-HO77-J-_E-001-01.PDF
77-XY2018,77,XY,relay,SCD_ONLY,0,1,,C025-W-HO77-J-_E-001-01.PDF
77-XY2019,77,XY,relay,SCD_ONLY,0,1,,C025-V-HO82-J-_E-103-01.PDF
77-XY2022,77,XY,relay,SCD_ONLY,0,1,,C025-W-HO77-J-_E-001-01.PDF
77-XY2026,77,XY,relay,SCD_ONLY,0,1,,C025-W-HO77-J-_E-001-01.PDF
77-XY2027,77,XY,relay,SCD_ONLY,0,1,,C025-W-HO77-J-_E-001-01.PDF
77-XY2031,77,XY,relay,SCD_ONLY,0,1,,C025-W-HO77-J-_E-001-01.PDF
77-XY2032,77,XY,relay,SCD_ONLY,0,1,,C025-W-HO77-J-_E-001-01.PDF
77-XY2050,77,XY,relay,SCD_ONLY,0,1,,C025-V-HO77-J-_E-105-01.PDF
77-XY2075,77,XY,relay,SCD_ONLY,0,1,,C025-V-HO82-J-_E-102-01.PDF
77-XY2076,77,XY,relay,SCD_ONLY,0,1,,C025-V-HO82-J-_E-102-01.PDF
77-XY2077,77,XY,relay,SCD_ONLY,0,1,,C025-V-HO82-J-_E-102-01.PDF
77-XY2078,77,XY,relay,SCD_ONLY,0,1,,C025-V-HO82-J-_E-102-01.PDF
77-XY2079,77,XY,relay,SCD_ONLY,0,1,,C025-V-HO82-J-_E-102-01.PDF
77-XY2081,77,XY,relay,SCD_ONLY,0,1,,C025-V-HO77-J-_E-105-01.PDF
77-XY2082,77,XY,relay,SCD_ONLY,0,1,,C025-V-HO77-J-_E-105-01.PDF
77-XY2088,77,XY,relay,SCD_ONLY,0,1,,C025-V-HO77-J-_E-105-01.PDF
77-ZSL2013,77,ZSL,other,SCD_ONLY,0,1,,C025-V-HO77-J-_E-102-01.PDF
77-ZSL2014,77,ZSL,other,SCD_ONLY,0,1,,C025-V-HO77-J-_E-102-01.PDF
77-ZSL2016,77,ZSL,other,SCD_ONLY,0,1,,C025-V-HO77-J-_E-102-01.PDF
77-ZSL2017,77,ZSL,other,SCD_ONLY,0,1,,C025-V-HO77-J-_E-102-01.PDF
77-ZSL4087,77,ZSL,other,SCD_ONLY,0,1,,C025-V-HO77-J-_E-104-01.PDF
77-ZSL4089,77,ZSL,other,SCD_ONLY,0,1,,C025-V-HO77-J-_E-104-01.PDF
79-EY2032A,79,EY,other,SCD_ONLY,0,1,,C025-W-HO82-J-_E-006-01.PDF
79-EY2032B,79,EY,other,SCD_ONLY,0,1,,C025-W-HO82-J-_E-006-01.PDF
79-EY2037A,79,EY,other,SCD_ONLY,0,1,,C025-W-HO82-J-_E-006-01.PDF
79-EY2037B,79,EY,other,SCD_ONLY,0,1,,C025-W-HO82-J-_E-006-01.PDF
79-EY2038B,79,EY,other,SCD_ONLY,0,1,,C025-W-HO82-J-_E-006-01.PDF
79-EY2109,79,EY,other,SCD_ONLY,0,1,,C025-W-HO00-J-_E-020-01.PDF
79-EY2110,79,EY,other,SCD_ONLY,0,1,,C025-W-HO00-J-_E-020-01.PDF
79-EY463,79,EY,other,SCD_ONLY,0,1,,C025-W-HO00-J-_E-020-01.PDF
79-HL2015H,79,HL,other,SCD_ONLY,0,1,,C025-W-HO00-J-_E-040-01.PDF
79-HL2015V,79,HL,other,SCD_ONLY,0,1,,C025-W-HO00-J-_E-040-01.PDF
79-JB50,79,JB,other,SCD_ONLY,0,1,,C025-W-HO00-J-_E-040-01.PDF
79-JG54,79,JG,other,SCD_ONLY,0,1,,C025-W-HO00-J-_E-040-01.PDF
79-UZS4513,79,UZS,other,SCD_ONLY,0,1,,C025-V-HO45-J-_E-103-01.PDF
81-EC50,81,EC,other,SCD_ONLY,0,1,,C025-V-HO85-J-_E-101-01.PDF
81-EG50,81,EG,other,PID_ONLY,1,0,C025-V-HO27-P-_E-003-01.PDF,
81-EM50,81,EM,other,SCD_ONLY,0,1,,C025-V-HO85-J-_E-101-01.PDF
81-FE50,81,FE,flow_element,SCD_ONLY,0,1,,C025-V-HO82-J-_E-102-01.PDF
81-FE51,81,FE,flow_element,SCD_ONLY,0,1,,C025-V-HO82-J-_E-102-01.PDF
82-EG50A,82,EG,other,SCD_ONLY,0,1,,C025-W-HO62-J-_E-001-01.PDF
82-EG50B,82,EG,other,SCD_ONLY,0,1,,C025-W-HO62-J-_E-001-01.PDF
82-EL40,82,EL,other,SCD_ONLY,0,2,,C025-V-HO82-J-_E-102-01.PDF;C025-W-HO82-J-_E-002-01.PDF
82-EL41,82,EL,other,SCD_ONLY,0,2,,C025-V-HO82-J-_E-103-01.PDF;C025-W-HO82-J-_E-002-01.PDF
82-EL50,82,EL,other,SCD_ONLY,0,2,,C025-W-HO00-J-_E-040-01.PDF;C025-W-HO82-J-_E-002-01.PDF
82-EL51,82,EL,other,SCD_ONLY,0,2,,C025-W-HO00-J-_E-040-01.PDF;C025-W-HO82-J-_E-002-01.PDF
82-EL52,82,EL,other,SCD_ONLY,0,1,,C025-W-HO82-J-_E-002-01.PDF
82-EL53,82,EL,other,SCD_ONLY,0,1,,C025-W-HO82-J-_E-002-01.PDF
82-EL54,82,EL,other,SCD_ONLY,0,3,,C025-V-HO77-J-_E-105-01.PDF;C025-W-HO00-J-_E-040-01.PDF;C025-W-HO82-J-_E-002-01.PDF
82-EL55,82,EL,other,SCD_ONLY,0,2,,C025-W-HO00-J-_E-040-01.PDF;C025-W-HO82-J-_E-002-01.PDF
82-EL58,82,EL,other,SCD_ONLY,0,1,,C025-W-HO82-J-_E-002-01.PDF
82-EL59,82,EL,other,SCD_ONLY,0,1,,C025-W-HO82-J-_E-002-01.PDF
82-EL60,82,EL,other,SCD_ONLY,0,1,,C025-W-HO82-J-_E-002-01.PDF
82-EN52,82,EN,other,SCD_ONLY,0,7,,C025-V-HO77-J-_E-105-01.PDF;C025-V-HO82-J-_E-102-01.PDF;C025-V-HO82-J-_E-103-01.PDF;C025-W-HO00-J-_E-030-01.PDF;C025-W-HO43-J-_E-001-01.PDF;C025-W-HO77-J-_E-001-01.PDF;C025-W-HO82-J-_E-003-01.PDF
82-EN53,82,EN,other,SCD_ONLY,0,1,,C025-W-HO82-J-_E-002-01.PDF
82-EN55,82,EN,other,SCD_ONLY,0,7,,C025-V-HO45-J-_E-101-01.PDF;C025-V-HO45-J-_E-102-01.PDF;C025-V-HO82-J-_E-102-01.PDF;C025-V-HO85-J-_E-101-01.PDF;C025-W-HO20-J-_E-001-01.PDF;C025-W-HO24-J-_E-001-01.PDF;C025-W-HO82-J-_E-003-01.PDF
82-EN56,82,EN,other,SCD_ONLY,0,2,,C025-V-HO82-J-_E-103-01.PDF;C025-W-HO82-J-_E-003-01.PDF
82-GG51A,82,GG,other,PID_ONLY,1,0,C025-W-HO82-P-_U-001-01.PDF,
82-GG51B,82,GG,other,PID_ONLY,1,0,C025-W-HO82-P-_U-001-01.PDF,
82-HS2612,82,HS,hand_switch,PID_ONLY,1,0,C025-W-HO82-P-_U-001-01.PDF,
82-HS2812,82,HS,hand_switch,PID_ONLY,1,0,C025-W-HO82-P-_U-001-01.PDF,
82-II2061,82,II,other,SCD_ONLY,0,1,,C025-W-HO82-J-_E-003-01.PDF
82-II4864,82,II,other,SCD_ONLY,0,1,,C025-W-HO82-J-_E-003-01.PDF
82-LI2615,82,LI,indicator,PID_ONLY,1,0,C025-W-HO82-P-_U-004-01.PDF,
82-LI2616,82,LI,indicator,PID_ONLY,1,0,C025-W-HO82-P-_U-004-01.PDF,
82-LT2615,82,LT,transmitter,PID_ONLY,1,0,C025-W-HO82-P-_U-004-01.PDF,
82-LT2616,82,LT,transmitter,PID_ONLY,1,0,C025-W-HO82-P-_U-004-01.PDF,
82-PA2553,82,PA,other,PID_ONLY,1,0,C025-W-HO82-P-_U-004-01.PDF,
82-PA2661,82,PA,other,PID_ONLY,1,0,C025-W-HO82-P-_U-004-01.PDF,
82-PA2662,82,PA,other,PID_ONLY,1,0,C025-W-HO82-P-_U-004-01.PDF,
82-PDI2569,82,PDI,indicator,PID_ONLY,1,0,C025-W-HO82-P-_U-004-01.PDF,
82-PI2552,82,PI,indicator,PID_ONLY,1,0,C025-W-HO82-P-_U-004-01.PDF,
82-PI2672,82,PI,indicator,PID_ONLY,1,0,C025-W-HO82-P-_U-004-01.PDF,
82-PSE2044,82,PSE,safety_element,PID_ONLY,1,0,C025-W-HO82-P-_U-001-01.PDF,
82-PSE2045,82,PSE,safety_element,PID_ONLY,1,0,C025-W-HO82-P-_U-001-01.PDF,
82-PT2552,82,PT,transmitter,PID_ONLY,1,0,C025-W-HO82-P-_U-004-01.PDF,
82-PT2672,82,PT,transmitter,PID_ONLY,1,0,C025-W-HO82-P-_U-004-01.PDF,
82-SI3122,82,SI,speed_vibration,PID_ONLY,1,0,C025-W-HO82-P-_U-001-01.PDF,
82-SI3123,82,SI,speed_vibration,PID_ONLY,1,0,C025-W-HO82-P-_U-001-01.PDF,
82-SI3124,82,SI,speed_vibration,PID_ONLY,1,0,C025-W-HO82-P-_U-001-01.PDF,
82-SI3150,82,SI,speed_vibration,PID_ONLY,1,0,C025-W-HO82-P-_U-001-01.PDF,
82-SI4001,82,SI,speed_vibration,PID_ONLY,1,0,C025-W-HO82-P-_U-004-01.PDF,
82-SI4002,82,SI,speed_vibration,PID_ONLY,1,0,C025-W-HO82-P-_U-004-01.PDF,
82-SI4029,82,SI,speed_vibration,PID_ONLY,1,0,C025-W-HO82-P-_U-004-01.PDF,
82-SI4030,82,SI,speed_vibration,PID_ONLY,1,0,C025-W-HO82-P-_U-004-01.PDF,
82-SI4041,82,SI,speed_vibration,PID_ONLY,1,0,C025-W-HO82-P-_U-004-01.PDF,
82-SI4042,82,SI,speed_vibration,PID_ONLY,1,0,C025-W-HO82-P-_U-004-01.PDF,
82-SI4043,82,SI,speed_vibration,PID_ONLY,1,0,C025-W-HO82-P-_U-004-01.PDF,
82-SI4044,82,SI,speed_vibration,PID_ONLY,1,0,C025-W-HO82-P-_U-004-01.PDF,
82-SI4068,82,SI,speed_vibration,PID_ONLY,1,0,C025-W-HO82-P-_U-004-01.PDF,
82-SI4296,82,SI,speed_vibration,PID_ONLY,1,0,C025-W-HO82-P-_U-001-01.PDF,
82-SI4297,82,SI,speed_vibration,PID_ONLY,1,0,C025-W-HO82-P-_U-001-01.PDF,
82-TI2582,82,TI,indicator,PID_ONLY,1,0,C025-W-HO82-P-_U-004-01.PDF,
82-TI2583,82,TI,indicator,PID_ONLY,1,0,C025-W-HO82-P-_U-004-01.PDF,
82-TI2584,82,TI,indicator,PID_ONLY,1,0,C025-W-HO82-P-_U-004-01.PDF,
82-TT2583,82,TT,transmitter,PID_ONLY,1,0,C025-W-HO82-P-_U-004-01.PDF,
82-TT2584,82,TT,transmitter,PID_ONLY,1,0,C025-W-HO82-P-_U-004-01.PDF,
82-XA4880,82,XA,other,SCD_ONLY,0,1,,C025-V-HO82-J-_E-102-01.PDF
82-XA4881,82,XA,other,SCD_ONLY,0,1,,C025-V-HO82-J-_E-102-01.PDF
82-XA4882,82,XA,other,SCD_ONLY,0,1,,C025-V-HO82-J-_E-102-01.PDF
82-XA4883,82,XA,other,SCD_ONLY,0,1,,C025-V-HO82-J-_E-102-01.PDF
82-XA4884,82,XA,other,SCD_ONLY,0,1,,C025-V-HO82-J-_E-102-01.PDF
82-XA4885,82,XA,other,SCD_ONLY,0,1,,C025-V-HO82-J-_E-102-01.PDF
82-XA4886,82,XA,other,SCD_ONLY,0,1,,C025-V-HO82-J-_E-102-01.PDF
82-XA4887,82,XA,other,SCD_ONLY,0,1,,C025-V-HO82-J-_E-102-01.PDF
82-XA4888,82,XA,other,SCD_ONLY,0,1,,C025-V-HO82-J-_E-102-01.PDF
82-XA4889,82,XA,other,SCD_ONLY,0,1,,C025-V-HO82-J-_E-102-01.PDF
82-XA4890,82,XA,other,SCD_ONLY,0,1,,C025-V-HO82-J-_E-102-01.PDF
82-XA4891,82,XA,other,SCD_ONLY,0,1,,C025-V-HO82-J-_E-102-01.PDF
82-XA4892,82,XA,other,SCD_ONLY,0,1,,C025-V-HO82-J-_E-102-01.PDF
82-XA4893,82,XA,other,SCD_ONLY,0,1,,C025-V-HO82-J-_E-102-01.PDF
82-XA4894,82,XA,other,SCD_ONLY,0,1,,C025-V-HO82-J-_E-102-01.PDF
82-XA50A,82,XA,other,PID_ONLY,1,0,C025-W-HO82-P-_U-001-01.PDF,
82-XA50B,82,XA,other,PID_ONLY,1,0,C025-W-HO82-P-_U-001-01.PDF,
82-XSH2002A,82,XSH,other,SCD_ONLY,0,1,,C025-W-HO82-J-_E-006-01.PDF
82-XSH2002B,82,XSH,other,SCD_ONLY,0,1,,C025-W-HO82-J-_E-006-01.PDF
82-XSL2002A,82,XSL,other,SCD_ONLY,0,1,,C025-W-HO82-J-_E-006-01.PDF
82-XSL2002B,82,XSL,other,SCD_ONLY,0,1,,C025-W-HO82-J-_E-006-01.PDF
82-XV2013,82,XV,shutdown_valve,PID_ONLY,1,0,C025-W-HO82-P-_U-001-01.PDF,
82-XV2612,82,XV,shutdown_valve,PID_ONLY,1,0,C025-W-HO82-P-_U-001-01.PDF,
82-XV2812,82,XV,shutdown_valve,PID_ONLY,1,0,C025-W-HO82-P-_U-001-01.PDF,
82-XY2012,82,XY,relay,PID_ONLY,1,0,C025-W-HO82-P-_U-001-01.PDF,
82-XY2013,82,XY,relay,PID_ONLY,1,0,C025-W-HO82-P-_U-001-01.PDF,
82-XY2021,82,XY,relay,SCD_ONLY,0,1,,C025-V-HO82-J-_E-103-01.PDF
82-XY2061,82,XY,relay,SCD_ONLY,0,1,,C025-V-HO82-J-_E-103-01.PDF
82-XY2062,82,XY,relay,SCD_ONLY,0,1,,C025-V-HO82-J-_E-103-01.PDF
82-XY2063,82,XY,relay,SCD_ONLY,0,1,,C025-V-HO82-J-_E-103-01.PDF
82-XY2612,82,XY,relay,PID_ONLY,1,0,C025-W-HO82-P-_U-001-01.PDF,
82-XY2812,82,XY,relay,PID_ONLY,1,0,C025-W-HO82-P-_U-001-01.PDF,
82-XY4853,82,XY,relay,SCD_ONLY,0,1,,C025-V-HO82-J-_E-102-01.PDF
82-XY4854,82,XY,relay,SCD_ONLY,0,1,,C025-V-HO82-J-_E-102-01.PDF
82-XY4855,82,XY,relay,SCD_ONLY,0,1,,C025-V-HO82-J-_E-102-01.PDF
82-XY4859,82,XY,relay,SCD_ONLY,0,1,,C025-V-HO82-J-_E-102-01.PDF
82-XY4861,82,XY,relay,SCD_ONLY,0,1,,C025-V-HO82-J-_E-102-01.PDF
82-XY4862,82,XY,relay,SCD_ONLY,0,1,,C025-V-HO82-J-_E-102-01.PDF
82-XY4864,82,XY,relay,SCD_ONLY,0,1,,C025-V-HO82-J-_E-102-01.PDF
82-XY4865,82,XY,relay,SCD_ONLY,0,1,,C025-V-HO82-J-_E-102-01.PDF
82-XY9998,82,XY,relay,SCD_ONLY,0,1,,C025-W-HO82-J-_E-003-01.PDF
82-ZL2012,82,ZL,position_indicator,PID_ONLY,1,0,C025-W-HO82-P-_U-001-01.PDF,
82-ZL2013,82,ZL,position_indicator,PID_ONLY,1,0,C025-W-HO82-P-_U-001-01.PDF,
82-ZL2612,82,ZL,position_indicator,PID_ONLY,1,0,C025-W-HO82-P-_U-001-01.PDF,
82-ZL2812,82,ZL,position_indicator,PID_ONLY,1,0,C025-W-HO82-P-_U-001-01.PDF,
82-ZS2013,82,ZS,position_switch,PID_ONLY,1,0,C025-W-HO82-P-_U-001-01.PDF,
82-ZS2612,82,ZS,position_switch,PID_ONLY,1,0,C025-W-HO82-P-_U-001-01.PDF,
82-ZS2812,82,ZS,position_switch,PID_ONLY,1,0,C025-W-HO82-P-_U-001-01.PDF,
82-ZS98,82,ZS,position_switch,SCD_ONLY,0,1,,C025-W-HO82-J-_E-003-01.PDF
82-ZS99,82,ZS,position_switch,SCD_ONLY,0,2,,C025-V-HO82-J-_E-103-01.PDF;C025-W-HO82-J-_E-002-01.PDF
85-ED51,85,ED,other,SCD_ONLY,0,1,,C025-W-HO85-J-_E-003-01.PDF
85-ED53,85,ED,other,SCD_ONLY,0,1,,C025-W-HO85-J-_E-003-01.PDF
85-EE40A,85,EE,other,SCD_ONLY,0,1,,C025-W-HO85-J-_E-001-01.PDF
85-EE40B,85,EE,other,SCD_ONLY,0,1,,C025-W-HO85-J-_E-001-01.PDF
85-EE41A,85,EE,other,SCD_ONLY,0,1,,C025-W-HO85-J-_E-001-01.PDF
85-EE41B,85,EE,other,SCD_ONLY,0,1,,C025-W-HO85-J-_E-001-01.PDF
85-EE42,85,EE,other,SCD_ONLY,0,1,,C025-W-HO85-J-_E-001-01.PDF
85-EE43,85,EE,other,SCD_ONLY,0,1,,C025-W-HO85-J-_E-001-01.PDF
85-EE44,85,EE,other,SCD_ONLY,0,1,,C025-W-HO85-J-_E-003-01.PDF
85-EE45,85,EE,other,SCD_ONLY,0,1,,C025-W-HO85-J-_E-003-01.PDF
85-EE47,85,EE,other,SCD_ONLY,0,1,,C025-W-HO85-J-_E-003-01.PDF
85-EE50,85,EE,other,SCD_ONLY,0,1,,C025-W-HO85-J-_E-003-01.PDF
85-EE51A,85,EE,other,SCD_ONLY,0,2,,C025-V-HO85-J-_E-101-01.PDF;C025-W-HO85-J-_E-001-01.PDF
85-EE51B,85,EE,other,SCD_ONLY,0,2,,C025-V-HO85-J-_E-101-01.PDF;C025-W-HO85-J-_E-001-01.PDF
85-EE52A,85,EE,other,SCD_ONLY,0,1,,C025-W-HO85-J-_E-001-01.PDF
85-EE52B,85,EE,other,SCD_ONLY,0,1,,C025-W-HO85-J-_E-001-01.PDF
85-EE55B,85,EE,other,SCD_ONLY,0,1,,C025-V-HO85-J-_E-101-01.PDF
85-ER20,85,ER,other,SCD_ONLY,0,1,,C025-W-HO82-J-_E-003-01.PDF
85-ER40A,85,ER,other,SCD_ONLY,0,1,,C025-W-HO82-J-_E-003-01.PDF
85-ER40B,85,ER,other,SCD_ONLY,0,1,,C025-W-HO82-J-_E-003-01.PDF
85-ER50,85,ER,other,SCD_ONLY,0,1,,C025-W-HO82-J-_E-003-01.PDF
85-ER51,85,ER,other,SCD_ONLY,0,1,,C025-W-HO82-J-_E-003-01.PDF
85-ER52,85,ER,other,SCD_ONLY,0,1,,C025-W-HO82-J-_E-003-01.PDF
85-ET40A,85,ET,other,SCD_ONLY,0,1,,C025-W-HO82-J-_E-003-01.PDF
85-ET40B,85,ET,other,SCD_ONLY,0,1,,C025-W-HO82-J-_E-003-01.PDF
85-ET50,85,ET,other,SCD_ONLY,0,1,,C025-W-HO82-J-_E-003-01.PDF
85-EY2001A,85,EY,other,SCD_ONLY,0,1,,C025-W-HO85-J-_E-001-01.PDF
85-EY2001B,85,EY,other,SCD_ONLY,0,1,,C025-W-HO85-J-_E-001-01.PDF
85-EZ40A,85,EZ,other,SCD_ONLY,0,1,,C025-W-HO85-J-_E-001-01.PDF
85-EZ40B,85,EZ,other,SCD_ONLY,0,1,,C025-W-HO85-J-_E-001-01.PDF
85-EZ50,85,EZ,other,SCD_ONLY,0,1,,C025-W-HO85-J-_E-003-01.PDF
85-EZ51,85,EZ,other,SCD_ONLY,0,1,,C025-W-HO85-J-_E-003-01.PDF
85-EZ52,85,EZ,other,SCD_ONLY,0,1,,C025-W-HO85-J-_E-003-01.PDF
85-XY4868A,85,XY,relay,SCD_ONLY,0,1,,C025-V-HO85-J-_E-101-01.PDF
85-XY4868B,85,XY,relay,SCD_ONLY,0,1,,C025-V-HO85-J-_E-101-01.PDF
85-XY4870,85,XY,relay,SCD_ONLY,0,1,,C025-V-HO85-J-_E-101-01.PDF
85-XY4871A,85,XY,relay,SCD_ONLY,0,1,,C025-V-HO85-J-_E-101-01.PDF
85-XY4871B,85,XY,relay,SCD_ONLY,0,1,,C025-V-HO85-J-_E-101-01.PDF
85-XY85,85,XY,relay,SCD_ONLY,0,1,,C025-W-HO85-J-_E-001-01.PDF
86-JC083,86,JC,other,SCD_ONLY,0,1,,C025-V-HO85-J-_E-101-01.PDF
86-JC084,86,JC,other,SCD_ONLY,0,1,,C025-V-HO85-J-_E-101-01.PDF
86-JC71A,86,JC,other,SCD_ONLY,0,1,,C025-W-HO85-J-_E-003-01.PDF
87-FE050,87,FE,flow_element,SCD_ONLY,0,1,,C025-V-HO82-J-_E-102-01.PDF
87-JB54,87,JB,other,SCD_ONLY,0,1,,C025-W-HO85-J-_E-003-01.PDF
87-JG50,87,JG,other,SCD_ONLY,0,1,,C025-W-HO85-J-_E-001-01.PDF
87-JG54,87,JG,other,SCD_ONLY,0,4,,C025-W-HO13-J-_E-001-01.PDF;C025-W-HO21-J-_E-001-01.PDF;C025-W-HO27-J-_E-001-01.PDF;C025-W-HO85-J-_E-001-01.PDF
87-JG56,87,JG,other,SCD_ONLY,0,1,,C025-V-HO85-J-_E-101-01.PDF
87-JG58,87,JG,other,SCD_ONLY,0,1,,C025-W-HO85-J-_E-001-01.PDF
